"taxonID","locationID","locality","countryCode","occurrenceStatus","establishmentMeans","eventDate","source"
"uredinales-belgium-checklist:taxon:260455576301d23f512a9650f9936ef9","ISO_3166-2:BE","Belgium","BE","present","","1878-07/1880-08","Vanderweyen, A., & Fraiture, A. (2009). Catalogue des Uredinales de Belgique, 1re partie, Chaconiaceae, Coleosporiaceae, Cronartiaceae, Melampsoraceae, Phragmidiaceae, Pucciniastraceae, Raveneliaceae et Uropyxidaceae. Lejeunia, Revue de Botanique. Page: 11"
"uredinales-belgium-checklist:taxon:8fe069e7f3228441fb405002b038aaf1","ISO_3166-2:BE","Belgium","BE","present","","1888-05","Vanderweyen, A., & Fraiture, A. (2009). Catalogue des Uredinales de Belgique, 1re partie, Chaconiaceae, Coleosporiaceae, Cronartiaceae, Melampsoraceae, Phragmidiaceae, Pucciniastraceae, Raveneliaceae et Uropyxidaceae. Lejeunia, Revue de Botanique. Page: 11"
"uredinales-belgium-checklist:taxon:cf04e2617aba99a239404b150dd8f933","ISO_3166-2:BE","Belgium","BE","present","","1963-10-04/2006-05-15","Vanderweyen, A., & Fraiture, A. (2009). Catalogue des Uredinales de Belgique, 1re partie, Chaconiaceae, Coleosporiaceae, Cronartiaceae, Melampsoraceae, Phragmidiaceae, Pucciniastraceae, Raveneliaceae et Uropyxidaceae. Lejeunia, Revue de Botanique. Page: 11"
"uredinales-belgium-checklist:taxon:8f40d1f544b697192379f3573ae269d8","ISO_3166-2:BE","Belgium","BE","present","alien","2000-10-13","Vanderweyen, A., & Fraiture, A. (2009). Catalogue des Uredinales de Belgique, 1re partie, Chaconiaceae, Coleosporiaceae, Cronartiaceae, Melampsoraceae, Phragmidiaceae, Pucciniastraceae, Raveneliaceae et Uropyxidaceae. Lejeunia, Revue de Botanique. Page: 12"
"uredinales-belgium-checklist:taxon:906765b70ce7ae6a8830ea9f7ea352f4","ISO_3166-2:BE","Belgium","BE","present","","","Vanderweyen, A., & Fraiture, A. (2009). Catalogue des Uredinales de Belgique, 1re partie, Chaconiaceae, Coleosporiaceae, Cronartiaceae, Melampsoraceae, Phragmidiaceae, Pucciniastraceae, Raveneliaceae et Uropyxidaceae. Lejeunia, Revue de Botanique. Page: 12"
"uredinales-belgium-checklist:taxon:8e55e76ae542346be4dfe62032aef53b","ISO_3166-2:BE","Belgium","BE","present","","1890-09/1902-08-13","Vanderweyen, A., & Fraiture, A. (2009). Catalogue des Uredinales de Belgique, 1re partie, Chaconiaceae, Coleosporiaceae, Cronartiaceae, Melampsoraceae, Phragmidiaceae, Pucciniastraceae, Raveneliaceae et Uropyxidaceae. Lejeunia, Revue de Botanique. Page: 12"
"uredinales-belgium-checklist:taxon:587ab4ddc9826777f88853f016f295d8","ISO_3166-2:BE","Belgium","BE","present","","1889-09","Vanderweyen, A., & Fraiture, A. (2009). Catalogue des Uredinales de Belgique, 1re partie, Chaconiaceae, Coleosporiaceae, Cronartiaceae, Melampsoraceae, Phragmidiaceae, Pucciniastraceae, Raveneliaceae et Uropyxidaceae. Lejeunia, Revue de Botanique. Page: 12"
"uredinales-belgium-checklist:taxon:aafacca828222e60fccc696da7ea3a36","ISO_3166-2:BE","Belgium","BE","present","","1889-09/1917-04-10","Vanderweyen, A., & Fraiture, A. (2009). Catalogue des Uredinales de Belgique, 1re partie, Chaconiaceae, Coleosporiaceae, Cronartiaceae, Melampsoraceae, Phragmidiaceae, Pucciniastraceae, Raveneliaceae et Uropyxidaceae. Lejeunia, Revue de Botanique. Page: 12"
"uredinales-belgium-checklist:taxon:90d6fe85dea087e7498c225b84f9b6f3","ISO_3166-2:BE","Belgium","BE","present","","1980-06-17/2003-08-16","Vanderweyen, A., & Fraiture, A. (2009). Catalogue des Uredinales de Belgique, 1re partie, Chaconiaceae, Coleosporiaceae, Cronartiaceae, Melampsoraceae, Phragmidiaceae, Pucciniastraceae, Raveneliaceae et Uropyxidaceae. Lejeunia, Revue de Botanique. Page: 13"
"uredinales-belgium-checklist:taxon:0dc0649e0c025283a048dd3f5bd87ad7","ISO_3166-2:BE","Belgium","BE","present","","1878-08-18/1999-10-10","Vanderweyen, A., & Fraiture, A. (2009). Catalogue des Uredinales de Belgique, 1re partie, Chaconiaceae, Coleosporiaceae, Cronartiaceae, Melampsoraceae, Phragmidiaceae, Pucciniastraceae, Raveneliaceae et Uropyxidaceae. Lejeunia, Revue de Botanique. Page: 13"
"uredinales-belgium-checklist:taxon:eb70dfc7c93a1474d5c9511813562f4e","ISO_3166-2:BE","Belgium","BE","present","","1901-09-07","Vanderweyen, A., & Fraiture, A. (2009). Catalogue des Uredinales de Belgique, 1re partie, Chaconiaceae, Coleosporiaceae, Cronartiaceae, Melampsoraceae, Phragmidiaceae, Pucciniastraceae, Raveneliaceae et Uropyxidaceae. Lejeunia, Revue de Botanique. Page: 13"
"uredinales-belgium-checklist:taxon:d620cbe6ee067694f32580d1215f2ed7","ISO_3166-2:BE","Belgium","BE","present","","1879-07","Vanderweyen, A., & Fraiture, A. (2009). Catalogue des Uredinales de Belgique, 1re partie, Chaconiaceae, Coleosporiaceae, Cronartiaceae, Melampsoraceae, Phragmidiaceae, Pucciniastraceae, Raveneliaceae et Uropyxidaceae. Lejeunia, Revue de Botanique. Page: 13"
"uredinales-belgium-checklist:taxon:27c73923ed486210e51244b3f12aed7d","ISO_3166-2:BE","Belgium","BE","present","","","Vanderweyen, A., & Fraiture, A. (2009). Catalogue des Uredinales de Belgique, 1re partie, Chaconiaceae, Coleosporiaceae, Cronartiaceae, Melampsoraceae, Phragmidiaceae, Pucciniastraceae, Raveneliaceae et Uropyxidaceae. Lejeunia, Revue de Botanique. Page: 14"
"uredinales-belgium-checklist:taxon:97f3e49caadf7922d441f8eb6047497f","ISO_3166-2:BE","Belgium","BE","present","","1901-08","Vanderweyen, A., & Fraiture, A. (2009). Catalogue des Uredinales de Belgique, 1re partie, Chaconiaceae, Coleosporiaceae, Cronartiaceae, Melampsoraceae, Phragmidiaceae, Pucciniastraceae, Raveneliaceae et Uropyxidaceae. Lejeunia, Revue de Botanique. Page: 14"
"uredinales-belgium-checklist:taxon:c350f3f4b858d8159f4d561c6bc84e44","ISO_3166-2:BE","Belgium","BE","present","","1979-05-14","Vanderweyen, A., & Fraiture, A. (2009). Catalogue des Uredinales de Belgique, 1re partie, Chaconiaceae, Coleosporiaceae, Cronartiaceae, Melampsoraceae, Phragmidiaceae, Pucciniastraceae, Raveneliaceae et Uropyxidaceae. Lejeunia, Revue de Botanique. Page: 14"
"uredinales-belgium-checklist:taxon:ac820979a45a19fb30a5fd2c286bd1ed","ISO_3166-2:BE","Belgium","BE","present","","1920-07-02/2005-09-25","Vanderweyen, A., & Fraiture, A. (2009). Catalogue des Uredinales de Belgique, 1re partie, Chaconiaceae, Coleosporiaceae, Cronartiaceae, Melampsoraceae, Phragmidiaceae, Pucciniastraceae, Raveneliaceae et Uropyxidaceae. Lejeunia, Revue de Botanique. Page: 14"
"uredinales-belgium-checklist:taxon:8e836030e6420329d03eec88a9a015eb","ISO_3166-2:BE","Belgium","BE","present","","1876-08-15/1929-06-05","Vanderweyen, A., & Fraiture, A. (2009). Catalogue des Uredinales de Belgique, 1re partie, Chaconiaceae, Coleosporiaceae, Cronartiaceae, Melampsoraceae, Phragmidiaceae, Pucciniastraceae, Raveneliaceae et Uropyxidaceae. Lejeunia, Revue de Botanique. Page: 15"
"uredinales-belgium-checklist:taxon:0d942662f590a93b6ff69a2b077327ea","ISO_3166-2:BE","Belgium","BE","present","","","Vanderweyen, A., & Fraiture, A. (2009). Catalogue des Uredinales de Belgique, 1re partie, Chaconiaceae, Coleosporiaceae, Cronartiaceae, Melampsoraceae, Phragmidiaceae, Pucciniastraceae, Raveneliaceae et Uropyxidaceae. Lejeunia, Revue de Botanique. Page: 15"
"uredinales-belgium-checklist:taxon:c85d4b75235e1afab252f5cf27b00deb","ISO_3166-2:BE","Belgium","BE","present","","1920/2006-08-31","Vanderweyen, A., & Fraiture, A. (2009). Catalogue des Uredinales de Belgique, 1re partie, Chaconiaceae, Coleosporiaceae, Cronartiaceae, Melampsoraceae, Phragmidiaceae, Pucciniastraceae, Raveneliaceae et Uropyxidaceae. Lejeunia, Revue de Botanique. Page: 16"
"uredinales-belgium-checklist:taxon:da34f5ee1351a3ab5535f0daf8e9352e","ISO_3166-2:BE","Belgium","BE","present","","1902-05","Vanderweyen, A., & Fraiture, A. (2009). Catalogue des Uredinales de Belgique, 1re partie, Chaconiaceae, Coleosporiaceae, Cronartiaceae, Melampsoraceae, Phragmidiaceae, Pucciniastraceae, Raveneliaceae et Uropyxidaceae. Lejeunia, Revue de Botanique. Page: 16"
"uredinales-belgium-checklist:taxon:60b30961bbda77831a9fbc3296450f62","ISO_3166-2:BE","Belgium","BE","doubtful","","","Vanderweyen, A., & Fraiture, A. (2009). Catalogue des Uredinales de Belgique, 1re partie, Chaconiaceae, Coleosporiaceae, Cronartiaceae, Melampsoraceae, Phragmidiaceae, Pucciniastraceae, Raveneliaceae et Uropyxidaceae. Lejeunia, Revue de Botanique. Page: 16"
"uredinales-belgium-checklist:taxon:f2bdc4f5c2a9feecb7dd49d2b5db155f","ISO_3166-2:BE","Belgium","BE","present","","1997-07-30/1997-06-24","Vanderweyen, A., & Fraiture, A. (2009). Catalogue des Uredinales de Belgique, 1re partie, Chaconiaceae, Coleosporiaceae, Cronartiaceae, Melampsoraceae, Phragmidiaceae, Pucciniastraceae, Raveneliaceae et Uropyxidaceae. Lejeunia, Revue de Botanique. Page: 16"
"uredinales-belgium-checklist:taxon:58f197eaed5e856350d2ea9b9b2d2c5a","ISO_3166-2:BE","Belgium","BE","present","introduced","1901-08-29/2005-11-06","Vanderweyen, A., & Fraiture, A. (2009). Catalogue des Uredinales de Belgique, 1re partie, Chaconiaceae, Coleosporiaceae, Cronartiaceae, Melampsoraceae, Phragmidiaceae, Pucciniastraceae, Raveneliaceae et Uropyxidaceae. Lejeunia, Revue de Botanique. Page: 16"
"uredinales-belgium-checklist:taxon:023ac4abdac0e11decbba64a2da766ce","ISO_3166-2:BE","Belgium","BE","present","","1901-09/2000-10-26","Vanderweyen, A., & Fraiture, A. (2009). Catalogue des Uredinales de Belgique, 1re partie, Chaconiaceae, Coleosporiaceae, Cronartiaceae, Melampsoraceae, Phragmidiaceae, Pucciniastraceae, Raveneliaceae et Uropyxidaceae. Lejeunia, Revue de Botanique. Page: 17"
"uredinales-belgium-checklist:taxon:01c0dde3e3ed3381e6ec7ae150ce7f0b","ISO_3166-2:BE","Belgium","BE","present","introduced","1900-09-24/1999-09-14","Vanderweyen, A., & Fraiture, A. (2009). Catalogue des Uredinales de Belgique, 1re partie, Chaconiaceae, Coleosporiaceae, Cronartiaceae, Melampsoraceae, Phragmidiaceae, Pucciniastraceae, Raveneliaceae et Uropyxidaceae. Lejeunia, Revue de Botanique. Page: 17"
"uredinales-belgium-checklist:taxon:d08e50d2cf69ba8396dd6f6026afda83","ISO_3166-2:BE","Belgium","BE","present","","","Vanderweyen, A., & Fraiture, A. (2009). Catalogue des Uredinales de Belgique, 1re partie, Chaconiaceae, Coleosporiaceae, Cronartiaceae, Melampsoraceae, Phragmidiaceae, Pucciniastraceae, Raveneliaceae et Uropyxidaceae. Lejeunia, Revue de Botanique. Page: 17"
"uredinales-belgium-checklist:taxon:dfa47c86afa87b67cc08c8c8cc0c6992","ISO_3166-2:BE","Belgium","BE","doubtful","","","Vanderweyen, A., & Fraiture, A. (2009). Catalogue des Uredinales de Belgique, 1re partie, Chaconiaceae, Coleosporiaceae, Cronartiaceae, Melampsoraceae, Phragmidiaceae, Pucciniastraceae, Raveneliaceae et Uropyxidaceae. Lejeunia, Revue de Botanique. Page: 17"
"uredinales-belgium-checklist:taxon:501ebab0dab4c563a4aced683c7c086a","ISO_3166-2:BE","Belgium","BE","present","","1917-07-22/2006-09-06","Vanderweyen, A., & Fraiture, A. (2009). Catalogue des Uredinales de Belgique, 1re partie, Chaconiaceae, Coleosporiaceae, Cronartiaceae, Melampsoraceae, Phragmidiaceae, Pucciniastraceae, Raveneliaceae et Uropyxidaceae. Lejeunia, Revue de Botanique. Page: 17"
"uredinales-belgium-checklist:taxon:ac47571452c9178ea63d823dd6622d3a","ISO_3166-2:BE","Belgium","BE","present","","1897-06-27","Vanderweyen, A., & Fraiture, A. (2009). Catalogue des Uredinales de Belgique, 1re partie, Chaconiaceae, Coleosporiaceae, Cronartiaceae, Melampsoraceae, Phragmidiaceae, Pucciniastraceae, Raveneliaceae et Uropyxidaceae. Lejeunia, Revue de Botanique. Page: 17"
"uredinales-belgium-checklist:taxon:424b33b7bddd27a5f7543196182fb442","ISO_3166-2:BE","Belgium","BE","present","","","Vanderweyen, A., & Fraiture, A. (2009). Catalogue des Uredinales de Belgique, 1re partie, Chaconiaceae, Coleosporiaceae, Cronartiaceae, Melampsoraceae, Phragmidiaceae, Pucciniastraceae, Raveneliaceae et Uropyxidaceae. Lejeunia, Revue de Botanique. Page: 18"
"uredinales-belgium-checklist:taxon:0f51d8b941ecda78a7b5caaaf5bd10f7","ISO_3166-2:BE","Belgium","BE","present","","1887/2004-10-24","Vanderweyen, A., & Fraiture, A. (2009). Catalogue des Uredinales de Belgique, 1re partie, Chaconiaceae, Coleosporiaceae, Cronartiaceae, Melampsoraceae, Phragmidiaceae, Pucciniastraceae, Raveneliaceae et Uropyxidaceae. Lejeunia, Revue de Botanique. Page: 18"
"uredinales-belgium-checklist:taxon:e6c67e2ca39edf932bad857bdcbae4e0","ISO_3166-2:BE","Belgium","BE","present","","1999-08-17","Vanderweyen, A., & Fraiture, A. (2009). Catalogue des Uredinales de Belgique, 1re partie, Chaconiaceae, Coleosporiaceae, Cronartiaceae, Melampsoraceae, Phragmidiaceae, Pucciniastraceae, Raveneliaceae et Uropyxidaceae. Lejeunia, Revue de Botanique. Page: 18"
"uredinales-belgium-checklist:taxon:308d0dda84cf6c0303609f74d2382923","ISO_3166-2:BE","Belgium","BE","present","","1997-09-19","Vanderweyen, A., & Fraiture, A. (2009). Catalogue des Uredinales de Belgique, 1re partie, Chaconiaceae, Coleosporiaceae, Cronartiaceae, Melampsoraceae, Phragmidiaceae, Pucciniastraceae, Raveneliaceae et Uropyxidaceae. Lejeunia, Revue de Botanique. Page: 18"
"uredinales-belgium-checklist:taxon:245b764e35d1fbbfd55945b74a79404f","ISO_3166-2:BE","Belgium","BE","present","","1879-05-04/1882-07","Vanderweyen, A., & Fraiture, A. (2009). Catalogue des Uredinales de Belgique, 1re partie, Chaconiaceae, Coleosporiaceae, Cronartiaceae, Melampsoraceae, Phragmidiaceae, Pucciniastraceae, Raveneliaceae et Uropyxidaceae. Lejeunia, Revue de Botanique. Page: 18"
"uredinales-belgium-checklist:taxon:4036f389e2e544dc2b5300c9971919e2","ISO_3166-2:BE","Belgium","BE","present","introduced","1878-04/1956-04-29","Vanderweyen, A., & Fraiture, A. (2009). Catalogue des Uredinales de Belgique, 1re partie, Chaconiaceae, Coleosporiaceae, Cronartiaceae, Melampsoraceae, Phragmidiaceae, Pucciniastraceae, Raveneliaceae et Uropyxidaceae. Lejeunia, Revue de Botanique. Page: 19"
"uredinales-belgium-checklist:taxon:3ab369d8eac1122e76d5a6990bc07ed4","ISO_3166-2:BE","Belgium","BE","present","alien","2000-09-18/2005-09-18","Vanderweyen, A., & Fraiture, A. (2009). Catalogue des Uredinales de Belgique, 1re partie, Chaconiaceae, Coleosporiaceae, Cronartiaceae, Melampsoraceae, Phragmidiaceae, Pucciniastraceae, Raveneliaceae et Uropyxidaceae. Lejeunia, Revue de Botanique. Page: 19"
"uredinales-belgium-checklist:taxon:3f77c8a0399f2e7e15b7087b329f4dbe","ISO_3166-2:BE","Belgium","BE","present","","1997-10-16/2005-10-02","Vanderweyen, A., & Fraiture, A. (2009). Catalogue des Uredinales de Belgique, 1re partie, Chaconiaceae, Coleosporiaceae, Cronartiaceae, Melampsoraceae, Phragmidiaceae, Pucciniastraceae, Raveneliaceae et Uropyxidaceae. Lejeunia, Revue de Botanique. Page: 19"
"uredinales-belgium-checklist:taxon:3736ec6a37f77d97caaa114113ff033b","ISO_3166-2:BE","Belgium","BE","present","introduced","1943-05-30/2006-06-03","Vanderweyen, A., & Fraiture, A. (2009). Catalogue des Uredinales de Belgique, 1re partie, Chaconiaceae, Coleosporiaceae, Cronartiaceae, Melampsoraceae, Phragmidiaceae, Pucciniastraceae, Raveneliaceae et Uropyxidaceae. Lejeunia, Revue de Botanique. Page: 19"
"uredinales-belgium-checklist:taxon:e82e5bb9f24dc198819ebfc25068ae51","ISO_3166-2:BE","Belgium","BE","present","alien","2007-06-08/2007-06-12","Vanderweyen, A., & Fraiture, A. (2009). Catalogue des Uredinales de Belgique, 1re partie, Chaconiaceae, Coleosporiaceae, Cronartiaceae, Melampsoraceae, Phragmidiaceae, Pucciniastraceae, Raveneliaceae et Uropyxidaceae. Lejeunia, Revue de Botanique. Page: 20"
"uredinales-belgium-checklist:taxon:a4353eacc81c1b2ba031593aa486535e","ISO_3166-2:BE","Belgium","BE","present","","2000-05-30","Vanderweyen, A., & Fraiture, A. (2009). Catalogue des Uredinales de Belgique, 1re partie, Chaconiaceae, Coleosporiaceae, Cronartiaceae, Melampsoraceae, Phragmidiaceae, Pucciniastraceae, Raveneliaceae et Uropyxidaceae. Lejeunia, Revue de Botanique. Page: 20"
"uredinales-belgium-checklist:taxon:cdb488265203ba3e3bb5de0a1daa3cbd","ISO_3166-2:BE","Belgium","BE","present","","1984-05-19/2007-01-29","Vanderweyen, A., & Fraiture, A. (2009). Catalogue des Uredinales de Belgique, 1re partie, Chaconiaceae, Coleosporiaceae, Cronartiaceae, Melampsoraceae, Phragmidiaceae, Pucciniastraceae, Raveneliaceae et Uropyxidaceae. Lejeunia, Revue de Botanique. Page: 20"
"uredinales-belgium-checklist:taxon:90a86d6e8c6bb8b28c0b29e8802518e8","ISO_3166-2:BE","Belgium","BE","present","","2000-11-03/2006-08-01","Vanderweyen, A., & Fraiture, A. (2009). Catalogue des Uredinales de Belgique, 1re partie, Chaconiaceae, Coleosporiaceae, Cronartiaceae, Melampsoraceae, Phragmidiaceae, Pucciniastraceae, Raveneliaceae et Uropyxidaceae. Lejeunia, Revue de Botanique. Page: 21"
"uredinales-belgium-checklist:taxon:9957bd9c8b75cd9231e566da1955b4be","ISO_3166-2:BE","Belgium","BE","present","introduced","1878-04/2006-04-23","Vanderweyen, A., & Fraiture, A. (2009). Catalogue des Uredinales de Belgique, 1re partie, Chaconiaceae, Coleosporiaceae, Cronartiaceae, Melampsoraceae, Phragmidiaceae, Pucciniastraceae, Raveneliaceae et Uropyxidaceae. Lejeunia, Revue de Botanique. Page: 21"
"uredinales-belgium-checklist:taxon:5baefb1cc0bc48544fa99cef0e18a500","ISO_3166-2:BE","Belgium","BE","present","introduced","1856-08-20/1997-10-16","Vanderweyen, A., & Fraiture, A. (2009). Catalogue des Uredinales de Belgique, 1re partie, Chaconiaceae, Coleosporiaceae, Cronartiaceae, Melampsoraceae, Phragmidiaceae, Pucciniastraceae, Raveneliaceae et Uropyxidaceae. Lejeunia, Revue de Botanique. Page: 21"
"uredinales-belgium-checklist:taxon:c85be5aa36424a4781d2aaa3772f0be0","ISO_3166-2:BE","Belgium","BE","present","","1889-07","Vanderweyen, A., & Fraiture, A. (2009). Catalogue des Uredinales de Belgique, 1re partie, Chaconiaceae, Coleosporiaceae, Cronartiaceae, Melampsoraceae, Phragmidiaceae, Pucciniastraceae, Raveneliaceae et Uropyxidaceae. Lejeunia, Revue de Botanique. Page: 21"
"uredinales-belgium-checklist:taxon:c104ec5fdc2c3a298734df875cd85c93","ISO_3166-2:BE","Belgium","BE","present","","2000-09-20","Vanderweyen, A., & Fraiture, A. (2009). Catalogue des Uredinales de Belgique, 1re partie, Chaconiaceae, Coleosporiaceae, Cronartiaceae, Melampsoraceae, Phragmidiaceae, Pucciniastraceae, Raveneliaceae et Uropyxidaceae. Lejeunia, Revue de Botanique. Page: 21"
"uredinales-belgium-checklist:taxon:e798699c9617181732cde7b9145cced5","ISO_3166-2:BE","Belgium","BE","present","","1999-10-09/1999-10-10","Vanderweyen, A., & Fraiture, A. (2009). Catalogue des Uredinales de Belgique, 1re partie, Chaconiaceae, Coleosporiaceae, Cronartiaceae, Melampsoraceae, Phragmidiaceae, Pucciniastraceae, Raveneliaceae et Uropyxidaceae. Lejeunia, Revue de Botanique. Page: 22"
"uredinales-belgium-checklist:taxon:89f4bcf21aac1c392ae7a7aa13572647","ISO_3166-2:BE","Belgium","BE","present","","1923-08-28","Vanderweyen, A., & Fraiture, A. (2009). Catalogue des Uredinales de Belgique, 1re partie, Chaconiaceae, Coleosporiaceae, Cronartiaceae, Melampsoraceae, Phragmidiaceae, Pucciniastraceae, Raveneliaceae et Uropyxidaceae. Lejeunia, Revue de Botanique. Page: 22"
"uredinales-belgium-checklist:taxon:8db7c0c1f0fba8347d007c7a6657ba37","ISO_3166-2:BE","Belgium","BE","present","introduced","1884-09/2006-06-26","Vanderweyen, A., & Fraiture, A. (2009). Catalogue des Uredinales de Belgique, 1re partie, Chaconiaceae, Coleosporiaceae, Cronartiaceae, Melampsoraceae, Phragmidiaceae, Pucciniastraceae, Raveneliaceae et Uropyxidaceae. Lejeunia, Revue de Botanique. Page: 22"
"uredinales-belgium-checklist:taxon:fe99c6d9561bdf72f76c48576f6f09e4","ISO_3166-2:BE","Belgium","BE","present","","1996-02-12/2007-01-29","Vanderweyen, A., & Fraiture, A. (2009). Catalogue des Uredinales de Belgique, 1re partie, Chaconiaceae, Coleosporiaceae, Cronartiaceae, Melampsoraceae, Phragmidiaceae, Pucciniastraceae, Raveneliaceae et Uropyxidaceae. Lejeunia, Revue de Botanique. Page: 22"
"uredinales-belgium-checklist:taxon:5d638a409e6e5ec1a179f9ebf35a2816","ISO_3166-2:BE","Belgium","BE","present","introduced","1885-05/1904-05-18","Vanderweyen, A., & Fraiture, A. (2009). Catalogue des Uredinales de Belgique, 1re partie, Chaconiaceae, Coleosporiaceae, Cronartiaceae, Melampsoraceae, Phragmidiaceae, Pucciniastraceae, Raveneliaceae et Uropyxidaceae. Lejeunia, Revue de Botanique. Page: 22"
"uredinales-belgium-checklist:taxon:c17ac082dad4b85c583cd91e8fadb24e","ISO_3166-2:BE","Belgium","BE","present","","1896-06-28","Vanderweyen, A., & Fraiture, A. (2009). Catalogue des Uredinales de Belgique, 1re partie, Chaconiaceae, Coleosporiaceae, Cronartiaceae, Melampsoraceae, Phragmidiaceae, Pucciniastraceae, Raveneliaceae et Uropyxidaceae. Lejeunia, Revue de Botanique. Page: 23"
"uredinales-belgium-checklist:taxon:1f707332aab50f779cbe87cf4d2af9ee","ISO_3166-2:BE","Belgium","BE","present","alien","1996-05-14/2004-08-17","Vanderweyen, A., & Fraiture, A. (2009). Catalogue des Uredinales de Belgique, 2ème partie, Pucciniaceae (sauf Puccinia)(suite 2). Lejeunia, Revue de Botanique. Page: 11"
"uredinales-belgium-checklist:taxon:6f221ecd0c44473cb681e0149e7d3653","ISO_3166-2:BE","Belgium","BE","present","","1885/1885","Vanderweyen, A., & Fraiture, A. (2009). Catalogue des Uredinales de Belgique, 2ème partie, Pucciniaceae (sauf Puccinia)(suite 2). Lejeunia, Revue de Botanique. Page: 11"
"uredinales-belgium-checklist:taxon:59128ec6fa156bbbfc1de13ceb74a601","ISO_3166-2:BE","Belgium","BE","present","","1919-05-18/1956","Vanderweyen, A., & Fraiture, A. (2009). Catalogue des Uredinales de Belgique, 2ème partie, Pucciniaceae (sauf Puccinia)(suite 2). Lejeunia, Revue de Botanique. Page: 12"
"uredinales-belgium-checklist:taxon:534ac53c6991764e583213923739f679","ISO_3166-2:BE","Belgium","BE","present","introduced","1917-06-14/2008-04-17","Vanderweyen, A., & Fraiture, A. (2009). Catalogue des Uredinales de Belgique, 2ème partie, Pucciniaceae (sauf Puccinia)(suite 2). Lejeunia, Revue de Botanique. Page: 12"
"uredinales-belgium-checklist:taxon:f6d717f78f71db3a04aa2c1fc31e02d7","ISO_3166-2:BE","Belgium","BE","present","alien","1879-07/1882-06","Vanderweyen, A., & Fraiture, A. (2009). Catalogue des Uredinales de Belgique, 2ème partie, Pucciniaceae (sauf Puccinia)(suite 2). Lejeunia, Revue de Botanique. Page: 12"
"uredinales-belgium-checklist:taxon:4be9e55981639b6c2313df107c9f3a00","ISO_3166-2:BE","Belgium","BE","present","","1884-10-05/1902-08","Vanderweyen, A., & Fraiture, A. (2009). Catalogue des Uredinales de Belgique, 2ème partie, Pucciniaceae (sauf Puccinia)(suite 2). Lejeunia, Revue de Botanique. Page: 12"
"uredinales-belgium-checklist:taxon:cbc6cf54cc78296cfce736fb06521635","ISO_3166-2:BE","Belgium","BE","present","alien","1878-07/2008-10-02","Vanderweyen, A., & Fraiture, A. (2009). Catalogue des Uredinales de Belgique, 2ème partie, Pucciniaceae (sauf Puccinia)(suite 2). Lejeunia, Revue de Botanique. Page: 13"
"uredinales-belgium-checklist:taxon:e508d8060b63e3f6293e2cedecd4f575","ISO_3166-2:BE","Belgium","BE","present","","1997-09-30/2000-08-16","Vanderweyen, A., & Fraiture, A. (2009). Catalogue des Uredinales de Belgique, 2ème partie, Pucciniaceae (sauf Puccinia)(suite 2). Lejeunia, Revue de Botanique. Page: 14"
"uredinales-belgium-checklist:taxon:81842bf5fb03b86dacfe6ca5d5dcf72b","ISO_3166-2:BE","Belgium","BE","present","","1922-08/1922-08","Vanderweyen, A., & Fraiture, A. (2009). Catalogue des Uredinales de Belgique, 2ème partie, Pucciniaceae (sauf Puccinia)(suite 2). Lejeunia, Revue de Botanique. Page: 14"
"uredinales-belgium-checklist:taxon:a4194bee7e6eef7367888241b0a4ae8c","ISO_3166-2:BE","Belgium","BE","doubtful","","","Vanderweyen, A., & Fraiture, A. (2009). Catalogue des Uredinales de Belgique, 2ème partie, Pucciniaceae (sauf Puccinia)(suite 2). Lejeunia, Revue de Botanique. Page: 14"
"uredinales-belgium-checklist:taxon:ff7f86c10c86c26ce6fbb3d5d4cd956a","ISO_3166-2:BE","Belgium","BE","present","","1919-08/1995-11-14","Vanderweyen, A., & Fraiture, A. (2009). Catalogue des Uredinales de Belgique, 2ème partie, Pucciniaceae (sauf Puccinia)(suite 2). Lejeunia, Revue de Botanique. Page: 14"
"uredinales-belgium-checklist:taxon:5c448468d6f0ce0067c82a9ffc9e9481","ISO_3166-2:BE","Belgium","BE","present","","1885-10/1916-10-10","Vanderweyen, A., & Fraiture, A. (2009). Catalogue des Uredinales de Belgique, 2ème partie, Pucciniaceae (sauf Puccinia)(suite 2). Lejeunia, Revue de Botanique. Page: 15"
"uredinales-belgium-checklist:taxon:47520e3453705a0a326d6334c9b2cd96","ISO_3166-2:BE","Belgium","BE","present","","1901-08-14/1901-08-14","Vanderweyen, A., & Fraiture, A. (2009). Catalogue des Uredinales de Belgique, 2ème partie, Pucciniaceae (sauf Puccinia)(suite 2). Lejeunia, Revue de Botanique. Page: 15"
"uredinales-belgium-checklist:taxon:4acf18489f28ee9204a49c58ef90cd3e","ISO_3166-2:BE","Belgium","BE","doubtful","","1867/1867","Vanderweyen, A., & Fraiture, A. (2009). Catalogue des Uredinales de Belgique, 2ème partie, Pucciniaceae (sauf Puccinia)(suite 2). Lejeunia, Revue de Botanique. Page: 15"
"uredinales-belgium-checklist:taxon:a16ce6c54a0ebbf616538ca658cf29d0","ISO_3166-2:BE","Belgium","BE","present","","1996-10-11/1996-10-11","Vanderweyen, A., & Fraiture, A. (2009). Catalogue des Uredinales de Belgique, 2ème partie, Pucciniaceae (sauf Puccinia)(suite 2). Lejeunia, Revue de Botanique. Page: 15"
"uredinales-belgium-checklist:taxon:84ca933ae54d1afbfeebae920878b855","ISO_3166-2:BE","Belgium","BE","doubtful","","1898/1898","Vanderweyen, A., & Fraiture, A. (2009). Catalogue des Uredinales de Belgique, 2ème partie, Pucciniaceae (sauf Puccinia)(suite 2). Lejeunia, Revue de Botanique. Page: 16"
"uredinales-belgium-checklist:taxon:8b039e480746ec727316c1ad56ed8759","ISO_3166-2:BE","Belgium","BE","doubtful","alien","1876/1876","Vanderweyen, A., & Fraiture, A. (2009). Catalogue des Uredinales de Belgique, 2ème partie, Pucciniaceae (sauf Puccinia)(suite 2). Lejeunia, Revue de Botanique. Page: 16"
"uredinales-belgium-checklist:taxon:b0a0df79dcce17ac2821edc3d94608ba","ISO_3166-2:BE","Belgium","BE","present","introduced","1878-04-17/2004-03-21","Vanderweyen, A., & Fraiture, A. (2009). Catalogue des Uredinales de Belgique, 2ème partie, Pucciniaceae (sauf Puccinia)(suite 2). Lejeunia, Revue de Botanique. Page: 16"
"uredinales-belgium-checklist:taxon:d2a373f0bb80c10c5f1fdf13ef15a591","ISO_3166-2:BE","Belgium","BE","doubtful","alien","","Vanderweyen, A., & Fraiture, A. (2009). Catalogue des Uredinales de Belgique, 2ème partie, Pucciniaceae (sauf Puccinia)(suite 2). Lejeunia, Revue de Botanique. Page: 17"
"uredinales-belgium-checklist:taxon:aef1197446c5d490d0a34afcb570736d","ISO_3166-2:BE","Belgium","BE","present","","","Vanderweyen, A., & Fraiture, A. (2009). Catalogue des Uredinales de Belgique, 2ème partie, Pucciniaceae (sauf Puccinia)(suite 2). Lejeunia, Revue de Botanique. Page: 17"
"uredinales-belgium-checklist:taxon:b474e9e991e1655a39f8f05fbdd61f09","ISO_3166-2:BE","Belgium","BE","doubtful","","1898/1898","Vanderweyen, A., & Fraiture, A. (2009). Catalogue des Uredinales de Belgique, 2ème partie, Pucciniaceae (sauf Puccinia)(suite 2). Lejeunia, Revue de Botanique. Page: 17"
"uredinales-belgium-checklist:taxon:4dbf77da2394ae83a857a8fd23076d61","ISO_3166-2:BE","Belgium","BE","present","","1920-08-10/1920-08-10","Vanderweyen, A., & Fraiture, A. (2009). Catalogue des Uredinales de Belgique, 2ème partie, Pucciniaceae (sauf Puccinia)(suite 2). Lejeunia, Revue de Botanique. Page: 18"
"uredinales-belgium-checklist:taxon:ac3a761f1ff629f7dddb52f53d202a21","ISO_3166-2:BE","Belgium","BE","present","","1997-10-24/1997-10-24","Vanderweyen, A., & Fraiture, A. (2009). Catalogue des Uredinales de Belgique, 2ème partie, Pucciniaceae (sauf Puccinia)(suite 2). Lejeunia, Revue de Botanique. Page: 18"
"uredinales-belgium-checklist:taxon:95ec39d2799da222fb52069955568264","ISO_3166-2:BE","Belgium","BE","present","introduced","1901-05-04/2006-04-18","Vanderweyen, A., & Fraiture, A. (2009). Catalogue des Uredinales de Belgique, 2ème partie, Pucciniaceae (sauf Puccinia)(suite 2). Lejeunia, Revue de Botanique. Page: 18"
"uredinales-belgium-checklist:taxon:276e8bbad7cc2c6afe096b234d4011b0","ISO_3166-2:BE","Belgium","BE","present","","1991-09-28/1995-06-26","Vanderweyen, A., & Fraiture, A. (2009). Catalogue des Uredinales de Belgique, 2ème partie, Pucciniaceae (sauf Puccinia)(suite 2). Lejeunia, Revue de Botanique. Page: 18"
"uredinales-belgium-checklist:taxon:8948a47e9c537d77e6fc2cfafeb96912","ISO_3166-2:BE","Belgium","BE","doubtful","alien","","Vanderweyen, A., & Fraiture, A. (2009). Catalogue des Uredinales de Belgique, 2ème partie, Pucciniaceae (sauf Puccinia)(suite 2). Lejeunia, Revue de Botanique. Page: 19"
"uredinales-belgium-checklist:taxon:476119a4d44e766ef9bc2881faf9d741","ISO_3166-2:BE","Belgium","BE","present","","1889-10","Vanderweyen, A., & Fraiture, A. (2009). Catalogue des Uredinales de Belgique, 2ème partie, Pucciniaceae (sauf Puccinia)(suite 2). Lejeunia, Revue de Botanique. Page: 19"
"uredinales-belgium-checklist:taxon:0c2aa27ddcb4a57ddfa530c7eb10b7c0","ISO_3166-2:BE","Belgium","BE","present","","1888/1888","Vanderweyen, A., & Fraiture, A. (2009). Catalogue des Uredinales de Belgique, 2ème partie, Pucciniaceae (sauf Puccinia)(suite 2). Lejeunia, Revue de Botanique. Page: 19"
"uredinales-belgium-checklist:taxon:31a7b7c86801625837f41de7bcd7ebc3","ISO_3166-2:BE","Belgium","BE","present","","1957-08-18/1957-08-18","Vanderweyen, A., & Fraiture, A. (2009). Catalogue des Uredinales de Belgique, 2ème partie, Pucciniaceae (sauf Puccinia)(suite 2). Lejeunia, Revue de Botanique. Page: 20"
"uredinales-belgium-checklist:taxon:958c8eb6297e3ce6ce245d56c2de4852","ISO_3166-2:BE","Belgium","BE","present","","","Vanderweyen, A., & Fraiture, A. (2009). Catalogue des Uredinales de Belgique, 2ème partie, Pucciniaceae (sauf Puccinia)(suite 2). Lejeunia, Revue de Botanique. Page: 20"
"uredinales-belgium-checklist:taxon:c7567e95e60a748a240f46d0050fe3c4","ISO_3166-2:BE","Belgium","BE","present","","1999-07-17/1999-07-17","Vanderweyen, A., & Fraiture, A. (2009). Catalogue des Uredinales de Belgique, 2ème partie, Pucciniaceae (sauf Puccinia)(suite 2). Lejeunia, Revue de Botanique. Page: 20"
"uredinales-belgium-checklist:taxon:e29dff08f91fa54891b2f4260768aab4","ISO_3166-2:BE","Belgium","BE","present","","1860/1881","Vanderweyen, A., & Fraiture, A. (2009). Catalogue des Uredinales de Belgique, 2ème partie, Pucciniaceae (sauf Puccinia)(suite 2). Lejeunia, Revue de Botanique. Page: 20"
"uredinales-belgium-checklist:taxon:db30e4164ac55bc088ba3f152100628f","ISO_3166-2:BE","Belgium","BE","present","introduced","1864/1998-05-24","Vanderweyen, A., & Fraiture, A. (2009). Catalogue des Uredinales de Belgique, 2ème partie, Pucciniaceae (sauf Puccinia)(suite 2). Lejeunia, Revue de Botanique. Page: 20"
"uredinales-belgium-checklist:taxon:93f35f879326ce93d87dbc89337563ba","ISO_3166-2:BE","Belgium","BE","present","introduced","1901-06/1999-07-28","Vanderweyen, A., & Fraiture, A. (2009). Catalogue des Uredinales de Belgique, 2ème partie, Pucciniaceae (sauf Puccinia)(suite 2). Lejeunia, Revue de Botanique. Page: 21"
"uredinales-belgium-checklist:taxon:707fd9d684e98519a5b29669448d498d","ISO_3166-2:BE","Belgium","BE","doubtful","alien","","Vanderweyen, A., & Fraiture, A. (2009). Catalogue des Uredinales de Belgique, 2ème partie, Pucciniaceae (sauf Puccinia)(suite 2). Lejeunia, Revue de Botanique. Page: 21"
"uredinales-belgium-checklist:taxon:e903608c8102d764e7232e4ffb9c8289","ISO_3166-2:BE","Belgium","BE","present","","1999-09-04","Vanderweyen, A., & Fraiture, A. (2009). Catalogue des Uredinales de Belgique, 2ème partie, Pucciniaceae (sauf Puccinia)(suite 2). Lejeunia, Revue de Botanique. Page: 21"
"uredinales-belgium-checklist:taxon:142bcba56ba40c6e961f02ad08458b7a","ISO_3166-2:BE","Belgium","BE","doubtful","","1898","Vanderweyen, A., & Fraiture, A. (2009). Catalogue des Uredinales de Belgique, 2ème partie, Pucciniaceae (sauf Puccinia)(suite 2). Lejeunia, Revue de Botanique. Page: 22"
"uredinales-belgium-checklist:taxon:cc8a492ceeb88c64a484994fc6643df6","ISO_3166-2:BE","Belgium","BE","present","","","Vanderweyen, A., & Fraiture, A. (2009). Catalogue des Uredinales de Belgique, 2ème partie, Pucciniaceae (sauf Puccinia)(suite 2). Lejeunia, Revue de Botanique. Page: 22"
"uredinales-belgium-checklist:taxon:ee7e4379f90f07d90fe2539098c80ea1","ISO_3166-2:BE","Belgium","BE","present","","1956-05-08/1978-05-22","Vanderweyen, A., & Fraiture, A. (2009). Catalogue des Uredinales de Belgique, 2ème partie, Pucciniaceae (sauf Puccinia)(suite 2). Lejeunia, Revue de Botanique. Page: 22"
"uredinales-belgium-checklist:taxon:4c2af508082118cd942d179d45935d7b","ISO_3166-2:BE","Belgium","BE","doubtful","","","Vanderweyen, A., & Fraiture, A. (2009). Catalogue des Uredinales de Belgique, 2ème partie, Pucciniaceae (sauf Puccinia)(suite 2). Lejeunia, Revue de Botanique. Page: 23"
"uredinales-belgium-checklist:taxon:db8bd1cd048b451ea1ad96b20376bc99","ISO_3166-2:BE","Belgium","BE","present","","1920-08-03/1995-09-09","Vanderweyen, A., & Fraiture, A. (2009). Catalogue des Uredinales de Belgique, 2ème partie, Pucciniaceae (sauf Puccinia)(suite 2). Lejeunia, Revue de Botanique. Page: 23"
"uredinales-belgium-checklist:taxon:19471624a8c10c102433c4f2eb7bc6a6","ISO_3166-2:BE","Belgium","BE","present","introduced","1885-10/1996-09-16","Vanderweyen, A., & Fraiture, A. (2009). Catalogue des Uredinales de Belgique, 2ème partie, Pucciniaceae (sauf Puccinia)(suite 2). Lejeunia, Revue de Botanique. Page: 23"
"uredinales-belgium-checklist:taxon:d2f85a9310dd849e72e4109972848835","ISO_3166-2:BE","Belgium","BE","present","introduced","1875-08-22/1991-09-12","Vanderweyen, A., & Fraiture, A. (2009). Catalogue des Uredinales de Belgique, 2ème partie, Pucciniaceae (sauf Puccinia)(suite 2). Lejeunia, Revue de Botanique. Page: 24"
"uredinales-belgium-checklist:taxon:1c24f5a9371b480edea9d0e320287416","ISO_3166-2:BE","Belgium","BE","present","","1902-07","Vanderweyen, A., & Fraiture, A. (2009). Catalogue des Uredinales de Belgique, 2ème partie, Pucciniaceae (sauf Puccinia)(suite 2). Lejeunia, Revue de Botanique. Page: 24"
"uredinales-belgium-checklist:taxon:334a6a865bb132b01b2cb2164e42fd8b","ISO_3166-2:BE","Belgium","BE","present","","1994-06-05","Vanderweyen, A., & Fraiture, A. (2009). Catalogue des Uredinales de Belgique, 2ème partie, Pucciniaceae (sauf Puccinia)(suite 2). Lejeunia, Revue de Botanique. Page: 24"
"uredinales-belgium-checklist:taxon:0a10fbcf827eb52037dfcd2c63e500c9","ISO_3166-2:BE","Belgium","BE","present","alien","1852-11","Vanderweyen, A., & Fraiture, A. (2009). Catalogue des Uredinales de Belgique, 2ème partie, Pucciniaceae (sauf Puccinia)(suite 2). Lejeunia, Revue de Botanique. Page: 24"
"uredinales-belgium-checklist:taxon:108c6d6adc5d8860ac10853f8b4e574a","ISO_3166-2:BE","Belgium","BE","present","","1887-08/1901-08-29","Vanderweyen, A., & Fraiture, A. (2009). Catalogue des Uredinales de Belgique, 2ème partie, Pucciniaceae (sauf Puccinia)(suite 2). Lejeunia, Revue de Botanique. Page: 25"
"uredinales-belgium-checklist:taxon:ff5c573aa46967caba8b3b278c73b86b","ISO_3166-2:BE","Belgium","BE","present","","1895-10-08/2005-10-02","Vanderweyen, A., & Fraiture, A. (2009). Catalogue des Uredinales de Belgique, 2ème partie, Pucciniaceae (sauf Puccinia)(suite 2). Lejeunia, Revue de Botanique. Page: 25"
"uredinales-belgium-checklist:taxon:0c791d813d9b408132220ba6467fbafb","ISO_3166-2:BE","Belgium","BE","present","","2000-07-15","Vanderweyen, A., & Fraiture, A. (2012). Catalogue des Uredinales de Belgique, 3ème partie, Pucciniaceae (genre Puccinia). Lejeunia, Revue de Botanique. Page: 8"
"uredinales-belgium-checklist:taxon:d382a8a0be2051e695434d3202440329","ISO_3166-2:BE","Belgium","BE","present","","1966-05-14/2010-05-15","Vanderweyen, A., & Fraiture, A. (2012). Catalogue des Uredinales de Belgique, 3ème partie, Pucciniaceae (genre Puccinia). Lejeunia, Revue de Botanique. Page: 8"
"uredinales-belgium-checklist:taxon:ba198397f1108c7a2b9f73965bbbff08","ISO_3166-2:BE","Belgium","BE","present","introduced","1899-06-17/2002-09-05","Vanderweyen, A., & Fraiture, A. (2012). Catalogue des Uredinales de Belgique, 3ème partie, Pucciniaceae (genre Puccinia). Lejeunia, Revue de Botanique. Page: 9"
"uredinales-belgium-checklist:taxon:e602a269a54eacb2051f220265b87ba2","ISO_3166-2:BE","Belgium","BE","present","introduced","1878-04-07/2009-04-12","Vanderweyen, A., & Fraiture, A. (2012). Catalogue des Uredinales de Belgique, 3ème partie, Pucciniaceae (genre Puccinia). Lejeunia, Revue de Botanique. Page: 9"
"uredinales-belgium-checklist:taxon:23c030542b144b8d862b51f1783b0987","ISO_3166-2:BE","Belgium","BE","present","","1974-11-19/2010-06-28","Vanderweyen, A., & Fraiture, A. (2012). Catalogue des Uredinales de Belgique, 3ème partie, Pucciniaceae (genre Puccinia). Lejeunia, Revue de Botanique. Page: 9"
"uredinales-belgium-checklist:taxon:5c12fc1e2ff829e22f509f8821d20a79","ISO_3166-2:BE","Belgium","BE","present","","","Vanderweyen, A., & Fraiture, A. (2012). Catalogue des Uredinales de Belgique, 3ème partie, Pucciniaceae (genre Puccinia). Lejeunia, Revue de Botanique. Page: 10"
"uredinales-belgium-checklist:taxon:ed9b3b82715211454fb0c8ea1536ed6e","ISO_3166-2:BE","Belgium","BE","present","introduced","1856-08-29/1996-11-10","Vanderweyen, A., & Fraiture, A. (2012). Catalogue des Uredinales de Belgique, 3ème partie, Pucciniaceae (genre Puccinia). Lejeunia, Revue de Botanique. Page: 11"
"uredinales-belgium-checklist:taxon:1c7ac3a23fdc957d1ec551dabe99ae4e","ISO_3166-2:BE","Belgium","BE","present","alien","1947-07","Vanderweyen, A., & Fraiture, A. (2012). Catalogue des Uredinales de Belgique, 3ème partie, Pucciniaceae (genre Puccinia). Lejeunia, Revue de Botanique. Page: 11"
"uredinales-belgium-checklist:taxon:271427820062bf6da5f8366734b9c31a","ISO_3166-2:BE","Belgium","BE","present","","1878","Vanderweyen, A., & Fraiture, A. (2012). Catalogue des Uredinales de Belgique, 3ème partie, Pucciniaceae (genre Puccinia). Lejeunia, Revue de Botanique. Page: 11"
"uredinales-belgium-checklist:taxon:d09911a1de25c5bc7fd8b038e68dfcf5","ISO_3166-2:BE","Belgium","BE","present","introduced","1856-07-12/2007-10-28","Vanderweyen, A., & Fraiture, A. (2012). Catalogue des Uredinales de Belgique, 3ème partie, Pucciniaceae (genre Puccinia). Lejeunia, Revue de Botanique. Page: 11"
"uredinales-belgium-checklist:taxon:df3c9aaaf6c930d84f6a4073a6a01e7b","ISO_3166-2:BE","Belgium","BE","present","introduced","1898-08/1995-04-30","Vanderweyen, A., & Fraiture, A. (2012). Catalogue des Uredinales de Belgique, 3ème partie, Pucciniaceae (genre Puccinia). Lejeunia, Revue de Botanique. Page: 12"
"uredinales-belgium-checklist:taxon:3dadf92b26f29c4aeca439c14ab8ff76","ISO_3166-2:BE","Belgium","BE","present","","1886-10","Vanderweyen, A., & Fraiture, A. (2012). Catalogue des Uredinales de Belgique, 3ème partie, Pucciniaceae (genre Puccinia). Lejeunia, Revue de Botanique. Page: 13"
"uredinales-belgium-checklist:taxon:c7aaa5e7529328d9adac22a2d12774f1","ISO_3166-2:BE","Belgium","BE","present","","1999-11-09","Vanderweyen, A., & Fraiture, A. (2012). Catalogue des Uredinales de Belgique, 3ème partie, Pucciniaceae (genre Puccinia). Lejeunia, Revue de Botanique. Page: 13"
"uredinales-belgium-checklist:taxon:403cd23428f06a60348d75b9186d5910","ISO_3166-2:BE","Belgium","BE","present","","NA/2010-05-07","Vanderweyen, A., & Fraiture, A. (2012). Catalogue des Uredinales de Belgique, 3ème partie, Pucciniaceae (genre Puccinia). Lejeunia, Revue de Botanique. Page: 13"
"uredinales-belgium-checklist:taxon:cbfb269e4d5be1bb8ed08690283bfb16","ISO_3166-2:BE","Belgium","BE","present","introduced","1856-08-22/2007-07-07","Vanderweyen, A., & Fraiture, A. (2012). Catalogue des Uredinales de Belgique, 3ème partie, Pucciniaceae (genre Puccinia). Lejeunia, Revue de Botanique. Page: 13"
"uredinales-belgium-checklist:taxon:6cae8f9eaa08088a868ee61f0d676929","ISO_3166-2:BE","Belgium","BE","present","introduced","1901-09/1995-04-05","Vanderweyen, A., & Fraiture, A. (2012). Catalogue des Uredinales de Belgique, 3ème partie, Pucciniaceae (genre Puccinia). Lejeunia, Revue de Botanique. Page: 13"
"uredinales-belgium-checklist:taxon:fbb44b15719620150218d590c8c9cfe8","ISO_3166-2:BE","Belgium","BE","present","","1994-08-21","Vanderweyen, A., & Fraiture, A. (2012). Catalogue des Uredinales de Belgique, 3ème partie, Pucciniaceae (genre Puccinia). Lejeunia, Revue de Botanique. Page: 14"
"uredinales-belgium-checklist:taxon:4b7252d698a65bd5f3bad224fbe0dfc3","ISO_3166-2:BE","Belgium","BE","present","introduced","1884-07/1995-05-07","Vanderweyen, A., & Fraiture, A. (2012). Catalogue des Uredinales de Belgique, 3ème partie, Pucciniaceae (genre Puccinia). Lejeunia, Revue de Botanique. Page: 14"
"uredinales-belgium-checklist:taxon:d5443c351beb067788143df5b229fda1","ISO_3166-2:BE","Belgium","BE","present","introduced","1894-06-03/1998-06-08","Vanderweyen, A., & Fraiture, A. (2012). Catalogue des Uredinales de Belgique, 3ème partie, Pucciniaceae (genre Puccinia). Lejeunia, Revue de Botanique. Page: 14"
"uredinales-belgium-checklist:taxon:b96e72eeddbcfe45a3ea4ce557fbf324","ISO_3166-2:BE","Belgium","BE","present","","","Vanderweyen, A., & Fraiture, A. (2012). Catalogue des Uredinales de Belgique, 3ème partie, Pucciniaceae (genre Puccinia). Lejeunia, Revue de Botanique. Page: 15"
"uredinales-belgium-checklist:taxon:5d27837909fc4bb6f9faf31c8673b77f","ISO_3166-2:BE","Belgium","BE","present","","1904-05-28/1904-06","Vanderweyen, A., & Fraiture, A. (2012). Catalogue des Uredinales de Belgique, 3ème partie, Pucciniaceae (genre Puccinia). Lejeunia, Revue de Botanique. Page: 15"
"uredinales-belgium-checklist:taxon:9ef788ecee8a31472da5698ce166223e","ISO_3166-2:BE","Belgium","BE","present","","1958-11-08/2008-03-01","Vanderweyen, A., & Fraiture, A. (2012). Catalogue des Uredinales de Belgique, 3ème partie, Pucciniaceae (genre Puccinia). Lejeunia, Revue de Botanique. Page: 15"
"uredinales-belgium-checklist:taxon:52c69a707870844b6536adabd432c2f4","ISO_3166-2:BE","Belgium","BE","present","introduced","1883-09/2009-09-28","Vanderweyen, A., & Fraiture, A. (2012). Catalogue des Uredinales de Belgique, 3ème partie, Pucciniaceae (genre Puccinia). Lejeunia, Revue de Botanique. Page: 15"
"uredinales-belgium-checklist:taxon:c6c9df22a5ce2c270dae4386ad15a302","ISO_3166-2:BE","Belgium","BE","present","","1901-08-13","Vanderweyen, A., & Fraiture, A. (2012). Catalogue des Uredinales de Belgique, 3ème partie, Pucciniaceae (genre Puccinia). Lejeunia, Revue de Botanique. Page: 16"
"uredinales-belgium-checklist:taxon:eea0d7ccf4fce66d80e465273b6fd6a3","ISO_3166-2:BE","Belgium","BE","present","introduced","1921-08-19/2009-05-17","Vanderweyen, A., & Fraiture, A. (2012). Catalogue des Uredinales de Belgique, 3ème partie, Pucciniaceae (genre Puccinia). Lejeunia, Revue de Botanique. Page: 16"
"uredinales-belgium-checklist:taxon:d8b2994ac7f03239b857017577c71c76","ISO_3166-2:BE","Belgium","BE","doubtful","","1852","Vanderweyen, A., & Fraiture, A. (2012). Catalogue des Uredinales de Belgique, 3ème partie, Pucciniaceae (genre Puccinia). Lejeunia, Revue de Botanique. Page: 16"
"uredinales-belgium-checklist:taxon:48f0f233ea55be5ecfb5231f49b8cd6f","ISO_3166-2:BE","Belgium","BE","present","introduced","1856-10-07/2008-08-09","Vanderweyen, A., & Fraiture, A. (2012). Catalogue des Uredinales de Belgique, 3ème partie, Pucciniaceae (genre Puccinia). Lejeunia, Revue de Botanique. Page: 16"
"uredinales-belgium-checklist:taxon:2ea3a578b6ca375f16342f76d10e0818","ISO_3166-2:BE","Belgium","BE","present","","2000-09-21/2010-06-08","Vanderweyen, A., & Fraiture, A. (2012). Catalogue des Uredinales de Belgique, 3ème partie, Pucciniaceae (genre Puccinia). Lejeunia, Revue de Botanique. Page: 17"
"uredinales-belgium-checklist:taxon:ae051dc9873668ab0e26193146c88a0e","ISO_3166-2:BE","Belgium","BE","present","","1913-09","Vanderweyen, A., & Fraiture, A. (2012). Catalogue des Uredinales de Belgique, 3ème partie, Pucciniaceae (genre Puccinia). Lejeunia, Revue de Botanique. Page: 17"
"uredinales-belgium-checklist:taxon:54574201b89b95dfb4d625a0e3e884ca","ISO_3166-2:BE","Belgium","BE","present","","1890-09","Vanderweyen, A., & Fraiture, A. (2012). Catalogue des Uredinales de Belgique, 3ème partie, Pucciniaceae (genre Puccinia). Lejeunia, Revue de Botanique. Page: 18"
"uredinales-belgium-checklist:taxon:f73f6bce5073b3b2767a0e0527657fa1","ISO_3166-2:BE","Belgium","BE","doubtful","","","Vanderweyen, A., & Fraiture, A. (2012). Catalogue des Uredinales de Belgique, 3ème partie, Pucciniaceae (genre Puccinia). Lejeunia, Revue de Botanique. Page: 18"
"uredinales-belgium-checklist:taxon:a2563870a4edbfb12081a961c92a56c6","ISO_3166-2:BE","Belgium","BE","present","","2004-09-08","Vanderweyen, A., & Fraiture, A. (2012). Catalogue des Uredinales de Belgique, 3ème partie, Pucciniaceae (genre Puccinia). Lejeunia, Revue de Botanique. Page: 18"
"uredinales-belgium-checklist:taxon:9e309da9ac55e471bb108fe29a753532","ISO_3166-2:BE","Belgium","BE","present","","1999-11-09","Vanderweyen, A., & Fraiture, A. (2012). Catalogue des Uredinales de Belgique, 3ème partie, Pucciniaceae (genre Puccinia). Lejeunia, Revue de Botanique. Page: 18"
"uredinales-belgium-checklist:taxon:4fc0efa241f09ec4e207e650e6e57417","ISO_3166-2:BE","Belgium","BE","present","introduced","1886-08/2005-08-06","Vanderweyen, A., & Fraiture, A. (2012). Catalogue des Uredinales de Belgique, 3ème partie, Pucciniaceae (genre Puccinia). Lejeunia, Revue de Botanique. Page: 18"
"uredinales-belgium-checklist:taxon:7dcc21d803dc9832095c4b34b1abdc7f","ISO_3166-2:BE","Belgium","BE","present","","","Vanderweyen, A., & Fraiture, A. (2012). Catalogue des Uredinales de Belgique, 3ème partie, Pucciniaceae (genre Puccinia). Lejeunia, Revue de Botanique. Page: 19"
"uredinales-belgium-checklist:taxon:a58793a4327d87f139958d4425853db5","ISO_3166-2:BE","Belgium","BE","absent","alien","1850/2012","Vanderweyen, A., & Fraiture, A. (2012). Catalogue des Uredinales de Belgique, 3ème partie, Pucciniaceae (genre Puccinia). Lejeunia, Revue de Botanique. Page: 19"
"uredinales-belgium-checklist:taxon:c76928e0046afca913a805b728e25b5f","ISO_3166-2:BE","Belgium","BE","present","","2000-06-25/2009-09-07","Vanderweyen, A., & Fraiture, A. (2012). Catalogue des Uredinales de Belgique, 3ème partie, Pucciniaceae (genre Puccinia). Lejeunia, Revue de Botanique. Page: 20"
"uredinales-belgium-checklist:taxon:f18e3fc26c7489eed6a0a6946db52026","ISO_3166-2:BE","Belgium","BE","present","introduced","1887-09/2009-05-25","Vanderweyen, A., & Fraiture, A. (2012). Catalogue des Uredinales de Belgique, 3ème partie, Pucciniaceae (genre Puccinia). Lejeunia, Revue de Botanique. Page: 20"
"uredinales-belgium-checklist:taxon:73bc6d0af2f7d1fd1e283d1798226870","ISO_3166-2:BE","Belgium","BE","present","","","Vanderweyen, A., & Fraiture, A. (2012). Catalogue des Uredinales de Belgique, 3ème partie, Pucciniaceae (genre Puccinia). Lejeunia, Revue de Botanique. Page: 21"
"uredinales-belgium-checklist:taxon:ca547b32a81f973acf1c48b4838fd23e","ISO_3166-2:BE","Belgium","BE","present","","1995-09-25","Vanderweyen, A., & Fraiture, A. (2012). Catalogue des Uredinales de Belgique, 3ème partie, Pucciniaceae (genre Puccinia). Lejeunia, Revue de Botanique. Page: 21"
"uredinales-belgium-checklist:taxon:a2b0193d466e8330d7e8f952c57ebb83","ISO_3166-2:BE","Belgium","BE","present","","1901-09/1918-08-01","Vanderweyen, A., & Fraiture, A. (2012). Catalogue des Uredinales de Belgique, 3ème partie, Pucciniaceae (genre Puccinia). Lejeunia, Revue de Botanique. Page: 21"
"uredinales-belgium-checklist:taxon:a524d736057aac75a523ab1139777517","ISO_3166-2:BE","Belgium","BE","present","","1994-08-03","Vanderweyen, A., & Fraiture, A. (2012). Catalogue des Uredinales de Belgique, 3ème partie, Pucciniaceae (genre Puccinia). Lejeunia, Revue de Botanique. Page: 21"
"uredinales-belgium-checklist:taxon:57c9526d3a45c504c2bf511883baf2fc","ISO_3166-2:BE","Belgium","BE","doubtful","","NA/1939","Vanderweyen, A., & Fraiture, A. (2012). Catalogue des Uredinales de Belgique, 3ème partie, Pucciniaceae (genre Puccinia). Lejeunia, Revue de Botanique. Page: 22"
"uredinales-belgium-checklist:taxon:be72f76401cc11d9c5b743dc44d1858c","ISO_3166-2:BE","Belgium","BE","present","","1990-06-05","Vanderweyen, A., & Fraiture, A. (2012). Catalogue des Uredinales de Belgique, 3ème partie, Pucciniaceae (genre Puccinia). Lejeunia, Revue de Botanique. Page: 22"
"uredinales-belgium-checklist:taxon:441148b4b7fc5b2f7f146e8afc07bfb7","ISO_3166-2:BE","Belgium","BE","present","","1901-07-31","Vanderweyen, A., & Fraiture, A. (2012). Catalogue des Uredinales de Belgique, 3ème partie, Pucciniaceae (genre Puccinia). Lejeunia, Revue de Botanique. Page: 22"
"uredinales-belgium-checklist:taxon:570382a07724b3e523b6e3285c4c7c3e","ISO_3166-2:BE","Belgium","BE","present","","1919-06/1933-05-28","Vanderweyen, A., & Fraiture, A. (2012). Catalogue des Uredinales de Belgique, 3ème partie, Pucciniaceae (genre Puccinia). Lejeunia, Revue de Botanique. Page: 22"
"uredinales-belgium-checklist:taxon:6ab8f2efaf0923829338c03b9c70ca87","ISO_3166-2:BE","Belgium","BE","present","","NA/2001-07-21","Vanderweyen, A., & Fraiture, A. (2012). Catalogue des Uredinales de Belgique, 3ème partie, Pucciniaceae (genre Puccinia). Lejeunia, Revue de Botanique. Page: 22"
"uredinales-belgium-checklist:taxon:6fc5756ebd5e78f3f69019161e61bf14","ISO_3166-2:BE","Belgium","BE","present","","1901-07","Vanderweyen, A., & Fraiture, A. (2012). Catalogue des Uredinales de Belgique, 3ème partie, Pucciniaceae (genre Puccinia). Lejeunia, Revue de Botanique. Page: 23"
"uredinales-belgium-checklist:taxon:801e6e8a127c8b64c89baad13f9c2c20","ISO_3166-2:BE","Belgium","BE","doubtful","","","Vanderweyen, A., & Fraiture, A. (2012). Catalogue des Uredinales de Belgique, 3ème partie, Pucciniaceae (genre Puccinia). Lejeunia, Revue de Botanique. Page: 23"
"uredinales-belgium-checklist:taxon:ca344e878291e4da23bd0f54e84d500a","ISO_3166-2:BE","Belgium","BE","present","","","Vanderweyen, A., & Fraiture, A. (2012). Catalogue des Uredinales de Belgique, 3ème partie, Pucciniaceae (genre Puccinia). Lejeunia, Revue de Botanique. Page: 23"
"uredinales-belgium-checklist:taxon:3acf7e305d108bb2ef09261c41771921","ISO_3166-2:BE","Belgium","BE","present","","1997-07-21","Vanderweyen, A., & Fraiture, A. (2012). Catalogue des Uredinales de Belgique, 3ème partie, Pucciniaceae (genre Puccinia). Lejeunia, Revue de Botanique. Page: 23"
"uredinales-belgium-checklist:taxon:4f00262b2e2525f42d9444b4e6b74524","ISO_3166-2:BE","Belgium","BE","present","introduced","1900-06-24/2005-10-15","Vanderweyen, A., & Fraiture, A. (2012). Catalogue des Uredinales de Belgique, 3ème partie, Pucciniaceae (genre Puccinia). Lejeunia, Revue de Botanique. Page: 24"
"uredinales-belgium-checklist:taxon:35e95955cf163ed84797f5c14c6b8b5e","ISO_3166-2:BE","Belgium","BE","present","","1890-09","Vanderweyen, A., & Fraiture, A. (2012). Catalogue des Uredinales de Belgique, 3ème partie, Pucciniaceae (genre Puccinia). Lejeunia, Revue de Botanique. Page: 24"
"uredinales-belgium-checklist:taxon:996f090dae469f99eb514c1aaee58e19","ISO_3166-2:BE","Belgium","BE","present","","1998-07-11/2010-11-03","Vanderweyen, A., & Fraiture, A. (2012). Catalogue des Uredinales de Belgique, 3ème partie, Pucciniaceae (genre Puccinia). Lejeunia, Revue de Botanique. Page: 24"
"uredinales-belgium-checklist:taxon:d26ebb60aac981cd10bc0a3b201c8ffc","ISO_3166-2:BE","Belgium","BE","present","","1902-07-04","Vanderweyen, A., & Fraiture, A. (2012). Catalogue des Uredinales de Belgique, 3ème partie, Pucciniaceae (genre Puccinia). Lejeunia, Revue de Botanique. Page: 24"
"uredinales-belgium-checklist:taxon:805574b220d80ddf4410212ef125ad7a","ISO_3166-2:BE","Belgium","BE","present","","1901-07/1967-09-18","Vanderweyen, A., & Fraiture, A. (2012). Catalogue des Uredinales de Belgique, 3ème partie, Pucciniaceae (genre Puccinia). Lejeunia, Revue de Botanique. Page: 24"
"uredinales-belgium-checklist:taxon:1941560fbd4a687d078843287a4ef75c","ISO_3166-2:BE","Belgium","BE","present","alien","","Vanderweyen, A., & Fraiture, A. (2012). Catalogue des Uredinales de Belgique, 3ème partie, Pucciniaceae (genre Puccinia). Lejeunia, Revue de Botanique. Page: 25"
"uredinales-belgium-checklist:taxon:95cbfb50aaecbbea750d2ecbd5af3000","ISO_3166-2:BE","Belgium","BE","doubtful","alien","","Vanderweyen, A., & Fraiture, A. (2012). Catalogue des Uredinales de Belgique, 3ème partie, Pucciniaceae (genre Puccinia). Lejeunia, Revue de Botanique. Page: 25"
"uredinales-belgium-checklist:taxon:d26987fb1b1fa377366d7d8c717024c9","ISO_3166-2:BE","Belgium","BE","present","","1994-12-30","Vanderweyen, A., & Fraiture, A. (2012). Catalogue des Uredinales de Belgique, 3ème partie, Pucciniaceae (genre Puccinia). Lejeunia, Revue de Botanique. Page: 25"
"uredinales-belgium-checklist:taxon:e4d9da127186dee7dfd3778c258e9cae","ISO_3166-2:BE","Belgium","BE","present","introduced","1878-10-18/2009-09-27","Vanderweyen, A., & Fraiture, A. (2012). Catalogue des Uredinales de Belgique, 3ème partie, Pucciniaceae (genre Puccinia). Lejeunia, Revue de Botanique. Page: 26"
"uredinales-belgium-checklist:taxon:77af5d07a0c824b898507352d4765e28","ISO_3166-2:BE","Belgium","BE","present","introduced","1901-08/1986-10-14","Vanderweyen, A., & Fraiture, A. (2012). Catalogue des Uredinales de Belgique, 3ème partie, Pucciniaceae (genre Puccinia). Lejeunia, Revue de Botanique. Page: 26"
"uredinales-belgium-checklist:taxon:4d9a6e5aab86252957bf5ecbfb4017be","ISO_3166-2:BE","Belgium","BE","present","introduced","1901-09-03/2007-04-03","Vanderweyen, A., & Fraiture, A. (2012). Catalogue des Uredinales de Belgique, 3ème partie, Pucciniaceae (genre Puccinia). Lejeunia, Revue de Botanique. Page: 27"
"uredinales-belgium-checklist:taxon:c399c6a25f5daef1ecc950f0cbd6a672","ISO_3166-2:BE","Belgium","BE","present","","1902-07-16","Vanderweyen, A., & Fraiture, A. (2012). Catalogue des Uredinales de Belgique, 3ème partie, Pucciniaceae (genre Puccinia). Lejeunia, Revue de Botanique. Page: 27"
"uredinales-belgium-checklist:taxon:838deb6e0b88a9d2c49aebfe29ffc0fe","ISO_3166-2:BE","Belgium","BE","present","","1998-06-29/1998-09-04","Vanderweyen, A., & Fraiture, A. (2012). Catalogue des Uredinales de Belgique, 3ème partie, Pucciniaceae (genre Puccinia). Lejeunia, Revue de Botanique. Page: 28"
"uredinales-belgium-checklist:taxon:9d3535a0dd45d9877aa72028d53d62f6","ISO_3166-2:BE","Belgium","BE","present","","1890-08","Vanderweyen, A., & Fraiture, A. (2012). Catalogue des Uredinales de Belgique, 3ème partie, Pucciniaceae (genre Puccinia). Lejeunia, Revue de Botanique. Page: 28"
"uredinales-belgium-checklist:taxon:447391a8bbbaa0b7f296c5010715a40e","ISO_3166-2:BE","Belgium","BE","present","","1943-04-20/1994-05-01","Vanderweyen, A., & Fraiture, A. (2012). Catalogue des Uredinales de Belgique, 3ème partie, Pucciniaceae (genre Puccinia). Lejeunia, Revue de Botanique. Page: 28"
"uredinales-belgium-checklist:taxon:074df316ab36eddf429854fe998cf8be","ISO_3166-2:BE","Belgium","BE","doubtful","","","Vanderweyen, A., & Fraiture, A. (2012). Catalogue des Uredinales de Belgique, 3ème partie, Pucciniaceae (genre Puccinia). Lejeunia, Revue de Botanique. Page: 28"
"uredinales-belgium-checklist:taxon:064aa7cc71a66049506042ad81d92e22","ISO_3166-2:BE","Belgium","BE","present","alien","2009-09-08","Vanderweyen, A., & Fraiture, A. (2012). Catalogue des Uredinales de Belgique, 3ème partie, Pucciniaceae (genre Puccinia). Lejeunia, Revue de Botanique. Page: 29"
"uredinales-belgium-checklist:taxon:6524d9eb1a884be0f880bbd77269f5a0","ISO_3166-2:BE","Belgium","BE","doubtful","","","Vanderweyen, A., & Fraiture, A. (2012). Catalogue des Uredinales de Belgique, 3ème partie, Pucciniaceae (genre Puccinia). Lejeunia, Revue de Botanique. Page: 29"
"uredinales-belgium-checklist:taxon:eb2b1c065814ea72966f47061e566161","ISO_3166-2:BE","Belgium","BE","present","","1995-09-09/2010-09-09","Vanderweyen, A., & Fraiture, A. (2012). Catalogue des Uredinales de Belgique, 3ème partie, Pucciniaceae (genre Puccinia). Lejeunia, Revue de Botanique. Page: 29"
"uredinales-belgium-checklist:taxon:051261a80d7d75ed856a93e53a51a6c3","ISO_3166-2:BE","Belgium","BE","present","introduced","1857-10-14/2011-03-24","Vanderweyen, A., & Fraiture, A. (2012). Catalogue des Uredinales de Belgique, 3ème partie, Pucciniaceae (genre Puccinia). Lejeunia, Revue de Botanique. Page: 30"
"uredinales-belgium-checklist:taxon:d822c723dbe597b67e168abf5b7ae127","ISO_3166-2:BE","Belgium","BE","present","","1890-10","Vanderweyen, A., & Fraiture, A. (2012). Catalogue des Uredinales de Belgique, 3ème partie, Pucciniaceae (genre Puccinia). Lejeunia, Revue de Botanique. Page: 30"
"uredinales-belgium-checklist:taxon:8808f5d439c6a8f674c935e2ad225cbc","ISO_3166-2:BE","Belgium","BE","present","introduced","1899-05-16/2010-04-12","Vanderweyen, A., & Fraiture, A. (2012). Catalogue des Uredinales de Belgique, 3ème partie, Pucciniaceae (genre Puccinia). Lejeunia, Revue de Botanique. Page: 30"
"uredinales-belgium-checklist:taxon:e804547cca3787d9c8324043d61d05da","ISO_3166-2:BE","Belgium","BE","present","","1897-04-16","Vanderweyen, A., & Fraiture, A. (2012). Catalogue des Uredinales de Belgique, 3ème partie, Pucciniaceae (genre Puccinia). Lejeunia, Revue de Botanique. Page: 31"
"uredinales-belgium-checklist:taxon:82e50c57f5c4cfa0e8803c11f683a7b3","ISO_3166-2:BE","Belgium","BE","present","","1917-09-13","Vanderweyen, A., & Fraiture, A. (2012). Catalogue des Uredinales de Belgique, 3ème partie, Pucciniaceae (genre Puccinia). Lejeunia, Revue de Botanique. Page: 31"
"uredinales-belgium-checklist:taxon:e1ad30f49051cdd8b294fd013da4d82f","ISO_3166-2:BE","Belgium","BE","present","introduced","1860-06-24/2008-10-18","Vanderweyen, A., & Fraiture, A. (2012). Catalogue des Uredinales de Belgique, 3ème partie, Pucciniaceae (genre Puccinia). Lejeunia, Revue de Botanique. Page: 31"
"uredinales-belgium-checklist:taxon:380e95d56cc245331dadbd16e9e04532","ISO_3166-2:BE","Belgium","BE","present","","2004-05-20","Vanderweyen, A., & Fraiture, A. (2012). Catalogue des Uredinales de Belgique, 3ème partie, Pucciniaceae (genre Puccinia). Lejeunia, Revue de Botanique. Page: 31"
"uredinales-belgium-checklist:taxon:80dbbc704b4f615c5bd13811df6e55a8","ISO_3166-2:BE","Belgium","BE","present","introduced","1880-08/2010-05-21","Vanderweyen, A., & Fraiture, A. (2012). Catalogue des Uredinales de Belgique, 3ème partie, Pucciniaceae (genre Puccinia). Lejeunia, Revue de Botanique. Page: 31"
"uredinales-belgium-checklist:taxon:ed148d438fcd43a68ac7673cf771ea11","ISO_3166-2:BE","Belgium","BE","present","","2009-05-17/2010-06-26","Vanderweyen, A., & Fraiture, A. (2012). Catalogue des Uredinales de Belgique, 3ème partie, Pucciniaceae (genre Puccinia). Lejeunia, Revue de Botanique. Page: 32"
"uredinales-belgium-checklist:taxon:8594a183f5be4699a1e4e9a8e35a19f9","ISO_3166-2:BE","Belgium","BE","present","","1999-09-19/2005-09-05","Vanderweyen, A., & Fraiture, A. (2012). Catalogue des Uredinales de Belgique, 3ème partie, Pucciniaceae (genre Puccinia). Lejeunia, Revue de Botanique. Page: 32"
"uredinales-belgium-checklist:taxon:0fc92b65b83446378ebb3389f65d441b","ISO_3166-2:BE","Belgium","BE","present","","","Vanderweyen, A., & Fraiture, A. (2012). Catalogue des Uredinales de Belgique, 3ème partie, Pucciniaceae (genre Puccinia). Lejeunia, Revue de Botanique. Page: 33"
"uredinales-belgium-checklist:taxon:17885fc7ce002a06d0505b679a49070f","ISO_3166-2:BE","Belgium","BE","doubtful","","","Vanderweyen, A., & Fraiture, A. (2012). Catalogue des Uredinales de Belgique, 3ème partie, Pucciniaceae (genre Puccinia). Lejeunia, Revue de Botanique. Page: 33"
"uredinales-belgium-checklist:taxon:dd4d89881355168386b3be9e6e3b4964","ISO_3166-2:BE","Belgium","BE","doubtful","","","Vanderweyen, A., & Fraiture, A. (2012). Catalogue des Uredinales de Belgique, 3ème partie, Pucciniaceae (genre Puccinia). Lejeunia, Revue de Botanique. Page: 33"
"uredinales-belgium-checklist:taxon:3b54e5e5018fc8a432b752efafb75d53","ISO_3166-2:BE","Belgium","BE","doubtful","alien","","Vanderweyen, A., & Fraiture, A. (2012). Catalogue des Uredinales de Belgique, 3ème partie, Pucciniaceae (genre Puccinia). Lejeunia, Revue de Botanique. Page: 33"
"uredinales-belgium-checklist:taxon:edbe5fc2ed54c5ed401630bfdfabe12f","ISO_3166-2:BE","Belgium","BE","present","introduced","1860-10/1997-10-16","Vanderweyen, A., & Fraiture, A. (2012). Catalogue des Uredinales de Belgique, 3ème partie, Pucciniaceae (genre Puccinia). Lejeunia, Revue de Botanique. Page: 34"
"uredinales-belgium-checklist:taxon:4d492d65cf71edb2a983d51d9ca6c30a","ISO_3166-2:BE","Belgium","BE","present","","1988-04-24/2010-03-14","Vanderweyen, A., & Fraiture, A. (2012). Catalogue des Uredinales de Belgique, 3ème partie, Pucciniaceae (genre Puccinia). Lejeunia, Revue de Botanique. Page: 34"
"uredinales-belgium-checklist:taxon:1560bb880c41446e4c9a51de80c63a3b","ISO_3166-2:BE","Belgium","BE","doubtful","alien","","Vanderweyen, A., & Fraiture, A. (2012). Catalogue des Uredinales de Belgique, 3ème partie, Pucciniaceae (genre Puccinia). Lejeunia, Revue de Botanique. Page: 34"
"uredinales-belgium-checklist:taxon:10c7f2b8f83c88167a923cf31e614f38","ISO_3166-2:BE","Belgium","BE","present","alien","","Vanderweyen, A., & Fraiture, A. (2012). Catalogue des Uredinales de Belgique, 3ème partie, Pucciniaceae (genre Puccinia). Lejeunia, Revue de Botanique. Page: 35"
"uredinales-belgium-checklist:taxon:fa33d8f5b70b9bac07fc493cdd639d0c","ISO_3166-2:BE","Belgium","BE","present","","","Vanderweyen, A., & Fraiture, A. (2012). Catalogue des Uredinales de Belgique, 3ème partie, Pucciniaceae (genre Puccinia). Lejeunia, Revue de Botanique. Page: 35"
"uredinales-belgium-checklist:taxon:91f82b690a179c7d4c0aad0c6c7734bb","ISO_3166-2:BE","Belgium","BE","present","introduced","1880/1901-06-20","Vanderweyen, A., & Fraiture, A. (2012). Catalogue des Uredinales de Belgique, 3ème partie, Pucciniaceae (genre Puccinia). Lejeunia, Revue de Botanique. Page: 35"
"uredinales-belgium-checklist:taxon:43aaf8c706e29def9b0bfd7db21232dd","ISO_3166-2:BE","Belgium","BE","present","alien","1895-07-11","Vanderweyen, A., & Fraiture, A. (2012). Catalogue des Uredinales de Belgique, 3ème partie, Pucciniaceae (genre Puccinia). Lejeunia, Revue de Botanique. Page: 35"
"uredinales-belgium-checklist:taxon:5c6ea6540be3cd92148d6d7a769a0375","ISO_3166-2:BE","Belgium","BE","present","introduced","1904-06/2003-05-25","Vanderweyen, A., & Fraiture, A. (2012). Catalogue des Uredinales de Belgique, 3ème partie, Pucciniaceae (genre Puccinia). Lejeunia, Revue de Botanique. Page: 36"
"uredinales-belgium-checklist:taxon:cbafd2017bd6fe0dd03ef2f5e5bf8e01","ISO_3166-2:BE","Belgium","BE","present","introduced","1896-06/2008-07-12","Vanderweyen, A., & Fraiture, A. (2012). Catalogue des Uredinales de Belgique, 3ème partie, Pucciniaceae (genre Puccinia). Lejeunia, Revue de Botanique. Page: 36"
"uredinales-belgium-checklist:taxon:4ab23a18f52c322ac349dcf0462454c8","ISO_3166-2:BE","Belgium","BE","present","introduced","1878-09-17/2011-05-08","Vanderweyen, A., & Fraiture, A. (2012). Catalogue des Uredinales de Belgique, 3ème partie, Pucciniaceae (genre Puccinia). Lejeunia, Revue de Botanique. Page: 36"
"uredinales-belgium-checklist:taxon:2bbc8501bce8c57bc01d397abd3a0f67","ISO_3166-2:BE","Belgium","BE","present","","1852-05/1899-10","Vanderweyen, A., & Fraiture, A. (2012). Catalogue des Uredinales de Belgique, 3ème partie, Pucciniaceae (genre Puccinia). Lejeunia, Revue de Botanique. Page: 37"
"uredinales-belgium-checklist:taxon:f29c639ed5c7c4c195ab86db4aad90fe","ISO_3166-2:BE","Belgium","BE","present","","","Vanderweyen, A., & Fraiture, A. (2012). Catalogue des Uredinales de Belgique, 3ème partie, Pucciniaceae (genre Puccinia). Lejeunia, Revue de Botanique. Page: 38"
"uredinales-belgium-checklist:taxon:4b4203ba3d61b299406d1e78f531e13b","ISO_3166-2:BE","Belgium","BE","present","introduced","1865-08/1975-07-03","Vanderweyen, A., & Fraiture, A. (2012). Catalogue des Uredinales de Belgique, 3ème partie, Pucciniaceae (genre Puccinia). Lejeunia, Revue de Botanique. Page: 38"
"uredinales-belgium-checklist:taxon:467ffec2a64cf70c1a3a640938d90c6b","ISO_3166-2:BE","Belgium","BE","present","introduced","1882-10/1997-09-19","Vanderweyen, A., & Fraiture, A. (2012). Catalogue des Uredinales de Belgique, 3ème partie, Pucciniaceae (genre Puccinia). Lejeunia, Revue de Botanique. Page: 38"
"uredinales-belgium-checklist:taxon:4632d8cf175b57f86100315db4118d5b","ISO_3166-2:BE","Belgium","BE","present","introduced","1855-10-20/1995-09-22","Vanderweyen, A., & Fraiture, A. (2012). Catalogue des Uredinales de Belgique, 3ème partie, Pucciniaceae (genre Puccinia). Lejeunia, Revue de Botanique. Page: 39"
"uredinales-belgium-checklist:taxon:8c21cc4a18009d22c91b4823e1010f6d","ISO_3166-2:BE","Belgium","BE","doubtful","alien","","Vanderweyen, A., & Fraiture, A. (2012). Catalogue des Uredinales de Belgique, 3ème partie, Pucciniaceae (genre Puccinia). Lejeunia, Revue de Botanique. Page: 39"
"uredinales-belgium-checklist:taxon:1f4550cf2a72fb9e3b569ed24aa1608c","ISO_3166-2:BE","Belgium","BE","doubtful","","","Vanderweyen, A., & Fraiture, A. (2012). Catalogue des Uredinales de Belgique, 3ème partie, Pucciniaceae (genre Puccinia). Lejeunia, Revue de Botanique. Page: 39"
"uredinales-belgium-checklist:taxon:98497c8f87d38e44fe219a3a4d87fa98","ISO_3166-2:BE","Belgium","BE","doubtful","","","Vanderweyen, A., & Fraiture, A. (2012). Catalogue des Uredinales de Belgique, 3ème partie, Pucciniaceae (genre Puccinia). Lejeunia, Revue de Botanique. Page: 40"
"uredinales-belgium-checklist:taxon:539f0ccb84e3d70e48792f426e2cdee5","ISO_3166-2:BE","Belgium","BE","present","introduced","1852-09/2010-06-22","Vanderweyen, A., & Fraiture, A. (2012). Catalogue des Uredinales de Belgique, 3ème partie, Pucciniaceae (genre Puccinia). Lejeunia, Revue de Botanique. Page: 40"
"uredinales-belgium-checklist:taxon:7a9b385358e8cf4606864081d2cd49cb","ISO_3166-2:BE","Belgium","BE","present","","1901-08-25/1999-11-09","Vanderweyen, A., & Fraiture, A. (2012). Catalogue des Uredinales de Belgique, 3ème partie, Pucciniaceae (genre Puccinia). Lejeunia, Revue de Botanique. Page: 40"
"uredinales-belgium-checklist:taxon:ab80257bb80b6614f2887c96b41a6acb","ISO_3166-2:BE","Belgium","BE","present","introduced","1901-11/2009-05-21","Vanderweyen, A., & Fraiture, A. (2012). Catalogue des Uredinales de Belgique, 3ème partie, Pucciniaceae (genre Puccinia). Lejeunia, Revue de Botanique. Page: 41"
"uredinales-belgium-checklist:taxon:7e9ffe279a213bdf0ca4903b67ee4633","ISO_3166-2:BE","Belgium","BE","present","","1997-09-24","Vanderweyen, A., & Fraiture, A. (2012). Catalogue des Uredinales de Belgique, 3ème partie, Pucciniaceae (genre Puccinia). Lejeunia, Revue de Botanique. Page: 41"
"uredinales-belgium-checklist:taxon:6aa30042f5481082a0d4dbd455723bf7","ISO_3166-2:BE","Belgium","BE","present","","1902-07-21/1955-08","Vanderweyen, A., & Fraiture, A. (2012). Catalogue des Uredinales de Belgique, 3ème partie, Pucciniaceae (genre Puccinia). Lejeunia, Revue de Botanique. Page: 42"
"uredinales-belgium-checklist:taxon:082a5fb6c4f58196ce650263a94ae77c","ISO_3166-2:BE","Belgium","BE","doubtful","","","Vanderweyen, A., & Fraiture, A. (2012). Catalogue des Uredinales de Belgique, 3ème partie, Pucciniaceae (genre Puccinia). Lejeunia, Revue de Botanique. Page: 42"
"uredinales-belgium-checklist:taxon:c7eb8e150b4bdbb0570146c9e5de313c","ISO_3166-2:BE","Belgium","BE","present","","1889-07","Vanderweyen, A., & Fraiture, A. (2012). Catalogue des Uredinales de Belgique, 3ème partie, Pucciniaceae (genre Puccinia). Lejeunia, Revue de Botanique. Page: 42"
"uredinales-belgium-checklist:taxon:387590f9d4858a7f0ba22703093b8939","ISO_3166-2:BE","Belgium","BE","present","","","Vanderweyen, A., & Fraiture, A. (2012). Catalogue des Uredinales de Belgique, 3ème partie, Pucciniaceae (genre Puccinia). Lejeunia, Revue de Botanique. Page: 42"
"uredinales-belgium-checklist:taxon:0c303486749ec8bb3350ada9c428e61a","ISO_3166-2:BE","Belgium","BE","doubtful","","","Vanderweyen, A., & Fraiture, A. (2012). Catalogue des Uredinales de Belgique, 3ème partie, Pucciniaceae (genre Puccinia). Lejeunia, Revue de Botanique. Page: 42"
"uredinales-belgium-checklist:taxon:29020f0be234a6522d6787f96791e429","ISO_3166-2:BE","Belgium","BE","present","","1887-07","Vanderweyen, A., & Fraiture, A. (2012). Catalogue des Uredinales de Belgique, 3ème partie, Pucciniaceae (genre Puccinia). Lejeunia, Revue de Botanique. Page: 43"
"uredinales-belgium-checklist:taxon:197e90a4056455af0e065411bade8ef3","ISO_3166-2:BE","Belgium","BE","present","","1899-02-19","Vanderweyen, A., & Fraiture, A. (2012). Catalogue des Uredinales de Belgique, 3ème partie, Pucciniaceae (genre Puccinia). Lejeunia, Revue de Botanique. Page: 43"
"uredinales-belgium-checklist:taxon:e459f3190910c993636808ec40e5f3c7","ISO_3166-2:BE","Belgium","BE","present","","","Vanderweyen, A., & Fraiture, A. (2012). Catalogue des Uredinales de Belgique, 3ème partie, Pucciniaceae (genre Puccinia). Lejeunia, Revue de Botanique. Page: 43"
"uredinales-belgium-checklist:taxon:c09f1e3c6b556c3931af8ba97bdd39e6","ISO_3166-2:BE","Belgium","BE","present","introduced","1891-06-01/2010-05-15","Vanderweyen, A., & Fraiture, A. (2012). Catalogue des Uredinales de Belgique, 3ème partie, Pucciniaceae (genre Puccinia). Lejeunia, Revue de Botanique. Page: 43"
"uredinales-belgium-checklist:taxon:996272325d404ae40a3701fe28f3d058","ISO_3166-2:BE","Belgium","BE","doubtful","","","Vanderweyen, A., & Fraiture, A. (2012). Catalogue des Uredinales de Belgique, 3ème partie, Pucciniaceae (genre Puccinia). Lejeunia, Revue de Botanique. Page: 44"
"uredinales-belgium-checklist:taxon:b39a945f1a5c4d4ab16afddda8d2f51b","ISO_3166-2:BE","Belgium","BE","doubtful","alien","","Vanderweyen, A., & Fraiture, A. (2012). Catalogue des Uredinales de Belgique, 3ème partie, Pucciniaceae (genre Puccinia). Lejeunia, Revue de Botanique. Page: 44"
"uredinales-belgium-checklist:taxon:8217f94838af436ef35a8bd7b1498711","ISO_3166-2:BE","Belgium","BE","doubtful","alien","","Vanderweyen, A., & Fraiture, A. (2012). Catalogue des Uredinales de Belgique, 3ème partie, Pucciniaceae (genre Puccinia). Lejeunia, Revue de Botanique. Page: 45"
"uredinales-belgium-checklist:taxon:03d3726301472c0ade293490fe5349ff","ISO_3166-2:BE","Belgium","BE","present","alien","1997-10-06","Vanderweyen, A., & Fraiture, A. (2012). Catalogue des Uredinales de Belgique, 3ème partie, Pucciniaceae (genre Puccinia). Lejeunia, Revue de Botanique. Page: 45"
"uredinales-belgium-checklist:taxon:fd5d76b3aa853e0c4c302e24f5da4a96","ISO_3166-2:BE","Belgium","BE","present","","1916-05-29","Vanderweyen, A., & Fraiture, A. (2012). Catalogue des Uredinales de Belgique, 3ème partie, Pucciniaceae (genre Puccinia). Lejeunia, Revue de Botanique. Page: 45"
"uredinales-belgium-checklist:taxon:c3231b6e76272eac76dfadb248b26bbe","ISO_3166-2:BE","Belgium","BE","doubtful","alien","","Vanderweyen, A., & Fraiture, A. (2012). Catalogue des Uredinales de Belgique, 3ème partie, Pucciniaceae (genre Puccinia). Lejeunia, Revue de Botanique. Page: 45"
"uredinales-belgium-checklist:taxon:30a908b6fbff6506a31d123601d8122d","ISO_3166-2:BE","Belgium","BE","present","","1857-11-02/2009-09-28","Vanderweyen, A., & Fraiture, A. (2012). Catalogue des Uredinales de Belgique, 3ème partie, Pucciniaceae (genre Puccinia). Lejeunia, Revue de Botanique. Page: 46"
"uredinales-belgium-checklist:taxon:4411649813786715e881dd8a80e86b56","ISO_3166-2:BE","Belgium","BE","doubtful","","","Vanderweyen, A., & Fraiture, A. (2012). Catalogue des Uredinales de Belgique, 3ème partie, Pucciniaceae (genre Puccinia). Lejeunia, Revue de Botanique. Page: 46"
"uredinales-belgium-checklist:taxon:bd22a773549c90cdfa223d3083e34e5b","ISO_3166-2:BE","Belgium","BE","present","introduced","1902-07-22/1996-07-29","Vanderweyen, A., & Fraiture, A. (2012). Catalogue des Uredinales de Belgique, 3ème partie, Pucciniaceae (genre Puccinia). Lejeunia, Revue de Botanique. Page: 46"
"uredinales-belgium-checklist:taxon:a78e66106021bc74d36abbb36e397ca7","ISO_3166-2:BE","Belgium","BE","present","","1901-06","Vanderweyen, A., & Fraiture, A. (2012). Catalogue des Uredinales de Belgique, 3ème partie, Pucciniaceae (genre Puccinia). Lejeunia, Revue de Botanique. Page: 47"
"uredinales-belgium-checklist:taxon:789cb1416ae0b77cfff9621ac5d34713","ISO_3166-2:BE","Belgium","BE","doubtful","alien","","Vanderweyen, A., & Fraiture, A. (2012). Catalogue des Uredinales de Belgique, 3ème partie, Pucciniaceae (genre Puccinia). Lejeunia, Revue de Botanique. Page: 47"
"uredinales-belgium-checklist:taxon:3e60ec09efce82defc07ff9986f14ed4","ISO_3166-2:BE","Belgium","BE","present","introduced","1878-04/2010-05-15","Vanderweyen, A., & Fraiture, A. (2012). Catalogue des Uredinales de Belgique, 3ème partie, Pucciniaceae (genre Puccinia). Lejeunia, Revue de Botanique. Page: 47"
"uredinales-belgium-checklist:taxon:43e92a517f7e13eb0ffd7122e57777fb","ISO_3166-2:BE","Belgium","BE","present","","1999-09-19","Vanderweyen, A., & Fraiture, A. (2012). Catalogue des Uredinales de Belgique, 3ème partie, Pucciniaceae (genre Puccinia). Lejeunia, Revue de Botanique. Page: 48"
"uredinales-belgium-checklist:taxon:e1b2c2174e49a57db55d2bbef0b995a9","ISO_3166-2:BE","Belgium","BE","present","","1988-03-19","Vanderweyen, A., & Fraiture, A. (2012). Catalogue des Uredinales de Belgique, 3ème partie, Pucciniaceae (genre Puccinia). Lejeunia, Revue de Botanique. Page: 48"
"uredinales-belgium-checklist:taxon:30ee77af56716a4393532a54ee080f3d","ISO_3166-2:BE","Belgium","BE","present","","1898-02","Vanderweyen, A., & Fraiture, A. (2012). Catalogue des Uredinales de Belgique, 3ème partie, Pucciniaceae (genre Puccinia). Lejeunia, Revue de Botanique. Page: 48"
"uredinales-belgium-checklist:taxon:5e661236b7d115f28e2ea52d78e0280e","ISO_3166-2:BE","Belgium","BE","present","","1997-03-24","Vanderweyen, A., & Fraiture, A. (2012). Catalogue des Uredinales de Belgique, 3ème partie, Pucciniaceae (genre Puccinia). Lejeunia, Revue de Botanique. Page: 49"
"uredinales-belgium-checklist:taxon:8a597bea5150375f6b1350b22f06a432","ISO_3166-2:BE","Belgium","BE","present","introduced","1880-08/1999-11-09","Vanderweyen, A., & Fraiture, A. (2012). Catalogue des Uredinales de Belgique, 3ème partie, Pucciniaceae (genre Puccinia). Lejeunia, Revue de Botanique. Page: 49"
"uredinales-belgium-checklist:taxon:f5a017972417a8d711aa6a48370e70e4","ISO_3166-2:BE","Belgium","BE","present","introduced","1883-07/1943-06-26","Vanderweyen, A., & Fraiture, A. (2012). Catalogue des Uredinales de Belgique, 3ème partie, Pucciniaceae (genre Puccinia). Lejeunia, Revue de Botanique. Page: 49"
"uredinales-belgium-checklist:taxon:bb1ecfd31dca3b1a36887feba2884636","ISO_3166-2:BE","Belgium","BE","present","","1886-07","Vanderweyen, A., & Fraiture, A. (2012). Catalogue des Uredinales de Belgique, 3ème partie, Pucciniaceae (genre Puccinia). Lejeunia, Revue de Botanique. Page: 50"
"uredinales-belgium-checklist:taxon:ebe870f37478f76f78a6717649e2c9da","ISO_3166-2:BE","Belgium","BE","present","","1955-07-25/2001-06-12","Vanderweyen, A., & Fraiture, A. (2012). Catalogue des Uredinales de Belgique, 3ème partie, Pucciniaceae (genre Puccinia). Lejeunia, Revue de Botanique. Page: 50"
"uredinales-belgium-checklist:taxon:1bceb87d434128221a9352e58c1da778","ISO_3166-2:BE","Belgium","BE","present","","1994-09-17","Vanderweyen, A., & Fraiture, A. (2012). Catalogue des Uredinales de Belgique, 3ème partie, Pucciniaceae (genre Puccinia). Lejeunia, Revue de Botanique. Page: 50"
"uredinales-belgium-checklist:taxon:99bd37d5daa6561b3dfe7a196c4c35fd","ISO_3166-2:BE","Belgium","BE","present","","","Vanderweyen, A., & Fraiture, A. (2012). Catalogue des Uredinales de Belgique, 3ème partie, Pucciniaceae (genre Puccinia). Lejeunia, Revue de Botanique. Page: 50"
