scientificName	catalogNumber	part	page	from	to	family	hostPlant	occurrenceStatus	establishmentMeans
Hyalopsora polypodii (Dietel) Magnus	1	1	11	VII.1878	VIII.1880	Pucciniastraceae  	 Cystopteris fragilis	present	
Melampsorella caryophyllacearum J. Schröt	2	1	11	V.1888		Pucciniastraceae  	 Abies alba,  Cerastium arvense,  Holosteum umbellatum,  Stellaria holostea,  Stellaria nemorum,  Moehringia trinervia	present	
Melampsorella symphyti Bubák	3	1	11	04.X.1963	15.V.2006	Pucciniastraceae  	 Symphytum officinale,   Abies alba	present	
Melampsoridium betulinum (Fr.) Kleb.	4	1	12	13.X.2000		Pucciniastraceae  	 Larix decidua,  Larix kaempferi,  Betula pendula,  Betula pubescens	present	alien
Milesina blechni (Syd. & P. Syd.) Syd.	5	1	12			Pucciniastraceae  	 Abies alba,  Blechnum spicant	present	
Naohidemyces vaccinii (G. Winter) S. Sato, Katsuya & Y. Hirats.	6	1	12	IX.1890	13.VIII.1902	Pucciniastraceae  	 Vaccinium myrtillus,  Vaccinium uliginosum,  Vaccinium oxycoccos,  Vaccinium vitis-idaea	present	
Pucciniastrum agrimoniae (Dietel) Tranz.	7	1	12	IX.1889		Pucciniastraceae  	 Agrimonia eupatoria	present	
Pucciniastrum areolatum (Fr.) G.H. Otth	8	1	12	IX.1889	10.IV.1917	Pucciniastraceae  	 Picea abies,  Prunus padus	present	
Pucciniastrum circaeae (G. Winter) Speg. ex De Toni	9	1	13	17.VI.1980	16.VIII.2003	Pucciniastraceae  	 Abies alba,  Circaea lutetiana	present	
Pucciniastrum epilobii G.H. Otth	10	1	13	18.VIII.1878	10.X.1999	Pucciniastraceae  	 Abies alba,  Epilobium angustifolium,  Epilobium hirsutum,  Epilobium montanum	present	
Pucciniastrum guttatum (J. Schröt.) Hyl., Jørst. & Nannf.	11	1	13	07.IX.1901		Pucciniastraceae  	 Galium mollugo,  Galium odoratum,  Sherardia arvensis	present	
Pucciniastrum pyrolae Arthur	12	1	13	VII.1879		Pucciniastraceae  	 Pyrola minor,  Pyrola rotundifolia	present	
Uredinopsis filicina Magnus	13	1	14			Pucciniastraceae  	 Phegopteris connectilis	present	
Chrysomyxa abietis Unger	14	1	14	VIII.1901		Coleosporiaceae	 Picea abies	present	
Chrysomyxa pyrolata G. Winter	15	1	14	14.V.1979		Coleosporiaceae	 Picea abies,  Pyrola rotundifolia	present	
Coleosporium tussilaginis (Pers.: Pers.) Lév. ex Tul.	16	1	14	02.VII.1920	25.IX.2005	Coleosporiaceae	 Pinus sylvestris,  Pinus nigra,  Anemone pulsatilla,  Calendula officinalis,  Campanula latifolia,  Campanula rapunculoides,  Campanula rapunculus,  Campanula rotundifolia,  Campanula trachelium,  Euphrasia stricta,  Melampyrum arvense,  Melampyrum pratense,  Petasites hybridus,  Phyteuma spicatum,  Rhinanthus alectorolophus,  Rhinanthus minor,  Senecio ovatus,  Senecio sylvaticus,  Senecio viscosus,  Senecio vulgaris,  Sonchus arvensis,  Sonchus asper,  Sonchus oleraceus,  Tropaeolum peregrinum,  Tussilago farfara	present	
Cronartium flaccidum (Alb. & Schwein.) G. Winter	17	1	15	15.VIII.1876	05.VI.1929	Cronartiaceae	 Pinus pinaster,  Pinus sylvestris,  Paeonia officinalis,  Vincetoxicum hirundinaria 	present	
Cronartium quercuum Miyabe ex Shirai  s.l.	18	1	15			Cronartiaceae	 Pinus sylvestris,  Quercus spp.	present	
Cronartium ribicola J.C. Fischer	19	1	16	1920	31.VIII.2006	Melampsoraceae	 Pinus strobus,  Ribes nigrum,  Ribes rubrum,  Ribes uva-crispa	present	
Melampsora allii-fragilis Kleb.	20	1	16	V.1902		Melampsoraceae	 Allium ursinum,  Salix fragilis,  Salix pentandra	present	
Melampsora allii-populina Kleb.	21	1	16			Melampsoraceae	 Allium ursinum,  Arum maculatum,  Populus nigra,  Populus trichocarpa	doubtful	
Melampsora amygdalinae Kleb.	22	1	16	30.VII.1997	24.VI.1997	Melampsoraceae	 Salix triandra	present	
Melampsora capraearum Thüm.	23	1	16	29.VIII.1901	06.XI.2005	Melampsoraceae	 Salix aurita,  Salix caprea,  Salix cinerea,  Salix x holosericea,  Salix x multinervis,  Salix x reichardtii,  Salix viminalis 	present	native
Melampsora epitea Thüm.	24	1	17	IX.1901	26.X.2000	Melampsoraceae	 Abies,  Euonymus,  Larix spp,  Orchidaceae,  Ribes,  Saxifraga,  Salix aurita,  Salix caprea,  Salix cinerea,  Salix x hippophaefolia,  Salix x holosericea,  Salix x multinervis,  Salix purpurea,  Salix x reichardtii,  Salix repens,  Salix viminalis	present	
Melampsora euphorbiae (C. Schub.) Castagne	25	1	17	24.IX.1900	14.IX.1999	Melampsoraceae	 Euphorbia amygdaloides,  Euphorbia exigua,  Euphorbia helioscopia,  Euphorbia paralias,  Euphorbia peplus	present	native
Melampsora hypericorum G. Winter	26	1	17			Melampsoraceae	 Hypericum androsaemum,  Hypericum calycinum,  Hypericum hirsutum,  Hypericum humifusum	present	
Melampsora laricis-pentandrae Kleb.	27	1	17			Melampsoraceae	 Larix,  Salix pentandra,  Salix fragilis x Salix pentandra	doubtful	
Melampsora laricis-populina Kleb.	28	1	17	22.VII.1917	06.IX.2006	Melampsoraceae	 Larix decidua,  Populus balsamifera,  Populus x canadensis,  Populus deltoides,  Populus nigra,  Populus serotina 	present	
Melampsora lini (Ehrenb.) Lév. ex Desm.  var. lini	29	1	17	27.VI.1897		Melampsoraceae	 Linum catharticum	present	
Melampsora lini var. liniperda Körn.	30	1	18			Melampsoraceae	 Linum usitatissimum 	present	
Melampsora populnea (Pers.: Pers.) P. Karst.	31	1	18	1887	24.X.2004	Melampsoraceae	 Larix decidua,  Mercurialis perennis,  Pinus sylvestris,  Populus alba,  Populus balsamifera,  Populus x canadensis,  Populus x canescens,  Populus monilifera,  Populus nigra,  Populus tremula	present	
Melampsora ribis-viminalis Kleb.	32	1	18	17.VIII.1999		Melampsoraceae	 Ribes,  Salix x sericans,  Salix viminalis	present	
Melampsora salicis-albae Kleb.	33	1	18	19.IX.1997		Melampsoraceae	 Allium ursinum,  Salix alba,  Salix pentandra	present	
Ochropsora ariae (Fuckel) Ramsb.	34	1	18	04.V.1879	VII.1882	Chaconiaceae  	 Anemone nemorosa,  Sorbus aucuparia,  Amelanchier,  Malus,  Prunus,  Pyrus	present	
Tranzschelia anemones (Pers.: Pers.) Nannf.	35	1	19	IV.1878	29.IV.1956	Uropyxidaceae	 Anemone nemorosa	present	native
Tranzschelia discolor (Fuckel) Tranzschel & M.A. Litv.	36	1	19	18.IX.2000	18.IX.2005	Uropyxidaceae	 Anemone coronaria,  Prunus domestica,  Prunus domestica subsp. italica	present	alien
Tranzschelia pruni-spinosae (Pers.: Pers.) Dietel	37	1	19	16.X.1997	02.X.2005	Uropyxidaceae	 Anemone,  Thalictrum,  Prunus spinosa 	present	
Triphragmium ulmariae (DC.) Link	38	1	19	30.V.1943	03.VI.2006	Raveneliaceae	 Filipendula ulmaria	present	native
Frommeëlla mexicana (Mains) J.W. McCain & J.F. Hennen	39	1	20	08.VI.2007	12.VI.2007	Phragmidiaceae	 Duchesnea indica	present	alien
Frommeëlla tormentillae (Fuckel) Cummins & Y. Hirats.	40	1	20	30.V.2000		Phragmidiaceae	 Potentilla erecta,  Potentilla anglica,  Potentilla reptans	present	
Kuehneola uredinis (Link) Arthur	41	1	20	19.V.1984	29.I.2007	Phragmidiaceae	 Rubus caesius,  Rubus fruticosus	present	
Phragmidium bulbosum (F. Strauss) Schltdl.	42	1	21	03.XI.2000	01.VIII.2006	Phragmidiaceae	 Rubus caesius,  Rubus fruticosus	present	
Phragmidium fragariae (DC.) Rabenh.	43	1	21	IV.1878	23.IV.2006	Phragmidiaceae	 Potentilla sterilis	present	native
Phragmidium mucronatum (Pers.: Pers.) Schltdl.	44	1	21	20.VIII.1856	16.X.1997	Phragmidiaceae	 Rosa arvensis,  Rosa canina,  Rosa corymbifera,  Rosa gallica var. centifolia,  Rosa spinosissima	present	native
Phragmidium potentillae (Pers.: Pers.) P. Karst.	45	1	21	VII.1889		Phragmidiaceae	 Potentilla anglica	present	
Phragmidium rosae-pimpinellifoliae Dietel	46	1	21	20.IX.2000		Phragmidiaceae	 Rosa spinosissima	present	
Phragmidium rubi-idaei (DC.) P. Karst.	47	1	22	09.X.1999	10.X.1999	Phragmidiaceae	 Rubus idaeus	present	
Phragmidium sanguisorbae (DC.) J. Schröt.	48	1	22	28.VIII.1923		Phragmidiaceae	 Sanguisorba minor	present	
Phragmidium tuberculatum Jul. Müll.	49	1	22	IX.1884	26.VI.2006	Phragmidiaceae	 Rosa arvensis,  Rosa canina,  Rosa rugosa	present	native
Phragmidium violaceum (Schultz) G. Winter	50	1	22	12.II.1996	29.I.2007	Phragmidiaceae	 Rubus caesius,  Rubus fruticosus	present	
Trachyspora intrusa (Grev.) Arthur	51	1	22	V.1885	18.V.1904	Phragmidiaceae	 Alchemilla vulgaris	present	native
Xenodochus carbonarius Schltdl.	52	1	23	28.VI.1896		Phragmidiaceae	 Sanguisorba officinalis	present	
Cumminsiella mirabilissima (Peck) Nannf.	53	2	11	14.5.1996	17.8.2004	Pucciniaceae	 Mahonia aquifolium,  Mahonia bealei	present	alien
Endophyllum euphorbiae-silvaticae (DC.) G. Winter	54	2	11	1885	1885	Pucciniaceae	 Euphorbia amygdaloides	present	
Endophyllum sempervivi (Alb. & Schwein.) de Bary	55	2	12	18.5.1919	1956	Pucciniaceae	 Sempervivum tectorum	present	
Gymnosporangium clavariiforme (Wulfen : Pers.) DC.	56	2	12	14.6.1917	17.4.2008	Pucciniaceae	 Crataegus monogyna,  Juniperus communis	present	native
Gymnosporangium confusum Plowr.	57	2	12	7/1879	6/1882	Pucciniaceae	 Mespilus germanica,  Cydonia oblonga,  Crataegus,  Juniperus sabina,  Juniperus virginiana	present	alien
Gymnosporangium cornutum Arthur ex F. Kern	58	2	12	05.10.1884	8.1902	Pucciniaceae	 Sorbus aucuparia,  Juniperus communis	present	
Gymnosporangium sabinae (Dicks.) G. Winter	59	2	13	VII.1878	02.X.2008	Pucciniaceae	 Pyrus calleryana,  Pyrus communis,  Pyrus communis subsp. pyraster,  Pyrus salicifolia f. pendula,  Juniperus x media,  Juniperus x pfitzeriana,  Juniperus sabina,  Juniperus virginiana	present	alien
Miyagia pseudosphaeria (Mont.) Jørst.	60	2	14	30.IX.1997	16.VIII.2000	Pucciniaceae	 Sonchus arvensis,  Sonchus asper,  Sonchus oleraceus,  Sonchus palustris	present	
Uromyces acetosae J. Schröt.	61	2	14	VIII.1922	VIII.1922	Pucciniaceae	 Rumex acetosa,  Rumex acetosella	present	
Uromyces aecidiiformis (F. Strauss) C.C. Rees	62	2	14			Pucciniaceae	 Fritillaria,  Lilium candidum,  Lilium martagon	doubtful	
Uromyces anthyllidis J. Schröt.	63	2	14	VIII.1919	14.XI.1995	Pucciniaceae	 Euphorbia,  Anthyllis vulneraria,  Medicago arabica,  Trifolium dubium,  Medicago minima,  Hippocrepis comosa,  Lupinus luteus	present	
Uromyces appendiculatus (Pers.: Pers.) Unger var. appendiculatus	64	2	15	X.1885	10.X.1916	Pucciniaceae	 Phaseolus vulgaris	present	
Uromyces armeriae Lév. ex J. Kickx f.	65	2	15	14.VIII.1901	14.VIII.1901	Pucciniaceae	 Armeria maritima	present	
Uromyces behenis (DC.) Unger	66	2	15	1867	1867	Pucciniaceae	 Silene vulgaris	doubtful	
Uromyces beticola (Bellynck) Boerema, Loer. & Hamers	67	2	15	11.X.1996	11.X.1996	Pucciniaceae	 Beta vulgaris	present	
Uromyces chenopodii (Duby) J. Schröt.	68	2	16	1898	1898	Pucciniaceae	 Suaeda	doubtful	
Uromyces croci Pass.	69	2	16	1876	1876	Pucciniaceae	 Crocus biflorus	doubtful	alien
Uromyces dactylidis G.H. Otth,	70	2	16	17.IV.1878	21.III.2004	Pucciniaceae	 Ranunculus acris,  Ranunculus ficaria,  Ranunculus repens,  Dactylis glomerata,  Festuca rubra,  Poa pratensis	present	native
Uromyces dianthi (Pers.: Pers.) Niessl	71	2	17			Pucciniaceae	 Dianthus chinensis	doubtful	alien
Uromyces ervi Westend.	72	2	17			Pucciniaceae	 Vicia hirsuta	present	
Uromyces erythronii (DC.) Pass.	73	2	17	1898	1898	Pucciniaceae	 Erythronium dens-canis	doubtful	
Uromyces euphorbiae-corniculati Jordi	74	2	18	10.VIII.1920	10.VIII.1920	Pucciniaceae	 Euphorbia cyparissias,  Lotus corniculatus	present	
Uromyces fallens (Arthur) F. Kern ex Barthol.	75	2	18	24.X.1997	24.X.1997	Pucciniaceae	 Trifolium pratense	present	
Uromyces ficariae (Schumach.) Fuckel	76	2	18	04.V.1901	18.IV.2006	Pucciniaceae	 Ranunculus ficaria	present	native
Uromyces geranii (DC.) Fr.	77	2	18	28.IX.1991	26.VI.1995	Pucciniaceae	 Geranium dissectum,  Geranium molle,  Geranium pusillum,  Geranium pyrenaicum	present	
Uromyces hedysari-obscuri (DC.) Carestía & Picc.	78	2	19			Pucciniaceae	 Hedysarum hedysaroides 	doubtful	alien
Uromyces junci (Desm.) Tul.	79	2	19	X.1889		Pucciniaceae	 Pulicaria dysenterica,  Juncus effusus,  Juncus conglomeratus,  Juncus inflexus,  Juncus subnodulosus	present	
Uromyces laburni (DC.) G.H. Otth	80	2	19	1888	1888	Pucciniaceae	 Euphorbia cyparissias,  Laburnum anagyroides,  Genistella sagittalis,  Cytisus scoparius,  Genista,  Chamaecytisus	present	
Uromyces limonii (DC.) Lév. ex Berk.	81	2	20	18.VIII.1957	18.VIII.1957	Pucciniaceae	 Limonium vulgare	present	
Uromyces lineolatus (Desm.) J. Schröt.	82	2	20			Pucciniaceae	 Glaux maritima,  Berula,  Oenanthe,  Pastinaca,  Sium,  Apium,  Torilis,  Daucus,  Bolboschoenus maritimus	present	
Uromyces minor J. Schröt.	83	2	20	17.VII.1999	17.VII.1999	Pucciniaceae	 Trifolium campestre,  Trifolium dubium,  Trifolium pratense,  Trifolium montanum	present	
Uromyces muscari (Duby) Lév. ex L. Graves	84	2	20	1860	1881	Pucciniaceae	 Hyacinthoides non-scripta,  Muscari,  Ornithogalum,  Scilla	present	
Uromyces pisi (DC.) G.H. Otth	85	2	20	1864	24.V.1998	Pucciniaceae	 Euphorbia cyparissias,  Euphorbia esula,  Lathyrus pratensis,  Pisum sativum,  Lathyrus sylvestris	present	native
Uromyces polygoni-avicularis (Pers.: Pers.) P. Karst.	86	2	21	VI.1901	28.VII.1999	Pucciniaceae	 Polygonum aviculare,  Rumex acetosella	present	native
Uromyces proëminens (DC.) Pass. in Rabenh.	87	2	21			Pucciniaceae	 Euphorbia chamaesyce	doubtful	alien
Uromyces rumicis (Schumach.) G. Winter	88	2	21	04.IX.1999		Pucciniaceae	 Ranunculus ficaria,  Rumex acetosa,  Rumex acetosella,  Rumex crispus,  Rumex hydrolapathum,  Rumex obtusifolius,  Rumex palustris	present	
Uromyces salicorniae de Bary	89	2	22	1898		Pucciniaceae	 Salicornia	doubtful	
Uromyces scrophulariae Fuckel	90	2	22			Pucciniaceae	 Scrophularia nodosa	present	
Uromyces scutellatus (Schrank: Pers.) Lév. ex Tul.	91	2	22	08.V.1956	22.V.1978	Pucciniaceae	 Euphorbia cyparissias,  Euphorbia esula	present	
Uromyces sparsus (J.C. Schmidt & Kunze) Lév. ex Cooke	92	2	23			Pucciniaceae	 Spergularia marina,  Spergularia media,  Spergularia rubra	doubtful	
Uromyces striatus J. Schröt.	93	2	23	03.VIII.1920	09.IX.1995	Pucciniaceae	 Euphorbia cyparissias,  Medicago lupulina,  Trifolium	present	
Uromyces trifolii (R. Hedw. ex DC.) Fuckel	94	2	23	X.1885	16.IX.1996	Pucciniaceae	 Trifolium repens,  Trifolium fragiferum	present	native
Uromyces trifolii-repentis Liro ex Liro	95	2	24	22.VIII.1875	12.IX.1991	Pucciniaceae	 Trifolium fragiferum,  Trifolium hybridum var. elegans,  Trifolium repens,  Trifolium hybridum	present	native
Uromyces tuberculatus (Fuckel) Fuckel	96	2	24	VII.1902		Pucciniaceae	 Euphorbia exigua	present	
Uromyces valerianae (DC.) Fuckel	97	2	24	05.VI.1994		Pucciniaceae	 Valeriana dioica,  Valeriana repens,  Valeriana wallrothii	present	
Uromyces veratri (DC.) J. Schröt.	98	2	24	XI.1852		Pucciniaceae	 Cacalia,  Adenostyles alliariae,  Veratrum album	present	alien
Uromyces viciae-fabae var. orobi (Schumach.) Jørst.	99	2	25	VIII.1887	29.VIII.1901	Pucciniaceae	 Lathyrus linifolius var. montanus	present	
Uromyces viciae-fabae J. Schröt. var. viciae-fabae 	100	2	25	08.X.1895	02.X.2005	Pucciniaceae	 Lathyrus odoratus,  Vicia cracca,  Vicia faba,  Vicia hirsuta,  Vicia sativa,  Vicia sepium	present	
Puccinia acetosae Körn. 	101	3	8	15.VII.2000		Pucciniaceae	 Rumex acetosa,  Rumex acetosella,  Rumex obtusifolius,  Rumex palustris	present	
Puccinia adoxae R. Hedw. 	102	3	8	14.V.1966	15.V.2010	Pucciniaceae	 Adoxa moschatellina	present	
Puccinia aegopodii (F. Strauss) Röhl. 	103	3	9	17.VI.1899	05.IX.2002	Pucciniaceae	 Aegopodium podagraria	present	native
Puccinia albescens Plowr. 	104	3	9	07.IV.1878	12.IV.2009	Pucciniaceae	 Adoxa moschatellina	present	native
Puccinia allii F. Rudolphi 	105	3	9	19.XI.1974	28.VI.2010	Pucciniaceae	 Allium porrum,  Allium sativum,  Allium scorodoprasum,  Allium sphaerocephalon,  Allium vineale	present	
Puccinia angelicae (Schumach.) Fuckel 	106	3	10			Pucciniaceae	 Angelica sylvestris,  Peucedanum palustre,  Silaum silaus,  Selinum carvifolia	present	
Puccinia annularis (F. Strauss) Röhl. 	107	3	11	29.VIII.1856	10.XI.1996	Pucciniaceae	 Teucrium scorodonia,  Teucrium botrys	present	native
Puccinia antirrhini Dietel & Holw. 	108	3	11	VII.1947		Pucciniaceae	 Antirrhinum majus	present	alien
Puccinia apii Desm. 	109	3	11	1878		Pucciniaceae	 Apium graveolens	present	
Puccinia arenariae (Schumach.) G. Winter	110	3	11	12.VII.1856	28.X.2007	Pucciniaceae	 Cerastium,  Dianthus barbatus,  Herniaria hirsuta,  Moehringia trinervia,  Myosoton aquaticum,  Silene dioica,  Silene latifolia subsp. alba,  Spergula arvensis,  Stellaria nemorum	present	native
Puccinia argentata (Schultz) G. Winter 	111	3	12	VIII.1898	30.IV.1995	Pucciniaceae	 Adoxa moschatellina,  Impatiens noli-tangere	present	native
Puccinia asparagi DC. 	112	3	13	X.1886		Pucciniaceae	 Asparagus officinalis	present	
Puccinia behenis G.H.Otth 	113	3	13	09.XI.1999		Pucciniaceae	 Silene dioica,  Silene latifolia subsp. alba	present	
Puccinia betonicae (Alb. & Schwein.) DC. 	114	3	13		07.V.2010	Pucciniaceae	 Stachys officinalis	present	
Puccinia bistortae DC. 	115	3	13	22.VIII.1856	07.VII.2007	Pucciniaceae	 Angelica,  Carum,  Conopodium,  Persicaria bistorta	present	native
Puccinia brachypodii var. arrhenatheri (Kleb.) Cummins & H.C. Greene 	116	3	13	IX.1901	05.IV.1995	Pucciniaceae	 Berberis vulgaris,  Arrhenatherum elatius,  Deschampsia cespitosa	present	native
Puccinia brachypodii G.H. Otth var. brachypodii	117	3	14	21.VIII.1994		Pucciniaceae	 Berberis vulgaris,  Brachypodium sylvaticum,  Brachypodium pinnatum	present	
Puccinia brachypodii var. poae-nemoralis (G.H. Otth) Cummins & H.C. Greene 	118	3	14	VII.1884	07.V.1995	Pucciniaceae	 Arrhenatherum elatius,  Poa compressa,  Poa nemoralis,  Poa trivialis	present	native
Puccinia bromina Erikss. 	119	3	14	03.VI.1894	08.VI.1998	Pucciniaceae	 Symphytum officinalis,  Bromus hordeaceus	present	native
Puccinia bulbocastani Fuckel 	120	3	15			Pucciniaceae	 Bunium bulbocastanum	present	
Puccinia bupleuri Rudolphi 	121	3	15	28.V.1904	VI.1904	Pucciniaceae	 Bupleurum falcatum	present	
Puccinia buxi DC. 	122	3	15	08.XI.1958	01.III.2008	Pucciniaceae	 Buxus sempervirens	present	
Puccinia calcitrapae DC. 	123	3	15	IX.1883	28.IX.2009	Pucciniaceae	 Arctium minus,  Arctium minus subsp. pubens,  Carduus crispus,  Centaurea calcitrapa,  Centaurea jacea,  Centaurea jacea subsp. grandiflora,  Centaurea jacea subsp. nigra,  Centaurea scabiosa,  Cirsium oleraceum,  Cirsium palustre,  Crepis capillaris	present	native
Puccinia calthae Link 	124	3	16	13.VIII.1901		Pucciniaceae	 Caltha palustris	present	
Puccinia calthicola J. Schröt. 	125	3	16	19.VIII.1921	17.V.2009	Pucciniaceae	 Caltha palustris	present	native
Puccinia campanulae Carm. ex Berk. 	126	3	16	1852		Pucciniaceae	 Campanula rotundifolia,  Campanula rapunculus	doubtful	
Puccinia caricina DC. 	127	3	16	07.X.1856	09.VIII.2008	Pucciniaceae	 Ribes uva-crispa,  Carex acuta,  Carex pendula	present	native
Puccinia chaerophylli Purton 	128	3	17	21.IX.2000	08.VI.2010	Pucciniaceae	 Anthriscus sylvestris,  Myrrhis odorata,  Chaerophyllum temulum,  Torilis japonica 	present	
Puccinia chamaedryos Ces. 	129	3	17	IX.1913		Pucciniaceae	 Teucrium chamaedrys,  Teucrium botrys	present	
Puccinia chrysosplenii Grev. 	130	3	18	IX.1890		Pucciniaceae	 Chrysosplenium oppositifolium,  Chrysosplenium alternifolium	present	
Puccinia cicutae Lasch 	131	3	18			Pucciniaceae	 Cicuta virosa	doubtful	
Puccinia circaeae Pers.: Pers. 	132	3	18	08.IX.2004		Pucciniaceae	 Circaea lutetiana 	present	
Puccinia cnici H. Mart. 	133	3	18	09.XI.1999		Pucciniaceae	 Cirsium vulgare	present	
Puccinia cnici-oleracei Pers. 	134	3	18	VIII.1886	06.VIII.2005	Pucciniaceae	 Achillea millefolium,  Achillea ptarmica,  Aster tripolium,  Cirsium oleraceum,  Cirsium palustre,  Achillea,  Anthemis,  Artemisia,  Aster,  Centaurea,  Chrysanthemum	present	native
Puccinia commutata P. Syd. & Syd. 	135	3	19			Pucciniaceae	 Valeriana repens	present	
Puccinia conglomerata (F. Strauss) Röhl. 	136	3	19	1850	2012	Pucciniaceae	 Homogyne alpina	absent	alien
Puccinia convolvuli Castagne 	137	3	20	25.VI.2000	07.IX.2009	Pucciniaceae	 Calystegia sepium,  Convolvulus arvensis	present	
Puccinia coronata Corda 	138	3	20	IX.1887	25.V.2009	Pucciniaceae	 Frangula alnus,  Rhamnus cathartica,  Agrostis gigantea,  Agrostis stolonifera,  Alopecurus pratensis,  Arrhenatherum elatius,  Avena sativa,  Brachypodium sylvaticum,  Calamagrostis arundinacea,  Calamagrostis canescens,  Dactylis glomerata,  Elymus repens,  Holcus mollis,  Lolium perenne,  Molinia caerulea,  Phalaris arundinacea,  Poa pratensis,  Puccinellia distans,  Festuca arundinacea,  Melica nutans	present	native
Puccinia corrigiolae Chevall. 	139	3	21			Pucciniaceae	 Corrigiola litoralis	present	
Puccinia crepidicola Syd. & P. Syd. 	140	3	21	25.IX.1995		Pucciniaceae	 Crepis capillaris,  Crepis polymorpha	present	
Puccinia crepidis J. Schröt. 	141	3	21	IX.1901	01.VIII.1918	Pucciniaceae	 Crepis capillaris,  Crepis tectorum	present	
Puccinia cyani Pass. 	142	3	21	03.VIII.1994		Pucciniaceae	 Centaurea cyanus	present	
Puccinia dioicae var. arenariicola (Plowr.) D.M. Hend. 	143	3	22		1939	Pucciniaceae	 Centaurea jacea subsp. nigra,  Carex arenaria	doubtful	
Puccinia dioicae Magnus var. dioicae 	144	3	22	05.VI.1990		Pucciniaceae	 Cirsium oleraceum,  Carex	present	
Puccinia dioicae var. extensicola (Plowr.) D.M. Hend. 	145	3	22	31.VII.1901		Pucciniaceae	 Aster tripolium,  Carex extensa	present	
Puccinia dioicae var. schoeleriana (Plowr. & Magnus) D.M. Hend. 	146	3	22	VI.1919	28.V.1933	Pucciniaceae	 Senecio jacobaea,  Carex arenaria	present	
Puccinia dioicae var. silvatica (J. Schröt.) D.M. Hend. 	147	3	22		21.VII.2001	Pucciniaceae	 Senecio ovatus,  Taraxacum officinale,  Carex viridula,  Carex brizoides	present	
Puccinia elymi Westend. 	148	3	23	VII.1901		Pucciniaceae	 Thalictrum,  Leymus arenarius,  Ammophila arenaria	present	
Puccinia epilobii DC. 	149	3	23			Pucciniaceae	 Epilobium hirsutum,  Epilobium montanum,  Epilobium obscurum,  Epilobium palustre	doubtful	
Puccinia eryngii DC. 	150	3	23			Pucciniaceae	 Eryngium campestre	present	
Puccinia festucae Plowr. 	151	3	23	21.VII.1997		Pucciniaceae	 Lonicera,  Festuca rubra	present	
Puccinia galii-verni Ces. 	152	3	24	24.VI.1900	15.X.2005	Pucciniaceae	 Cruciata laevipes,  Galium	present	native
Puccinia gentianae (F. Strauss) Röhl. 	153	3	24	IX.1890		Pucciniaceae	 Gentiana pneumonanthe,  Gentianella	present	
Puccinia glechomatis DC. 	154	3	24	11.VII.1998	03.XI.2010	Pucciniaceae	 Glechoma hederacea	present	
Puccinia glomerata Grev.	155	3	24	04.VII.1902		Pucciniaceae	 Senecio jacobaea,  Senecio ovatus	present	
Puccinia graminis Pers.	156	3	24	VII.1901	18.IX.1967	Pucciniaceae	 Berberis vulgaris,  Mahonia aquifolium,  Anthoxanthum odoratum,  Dactylis glomerata,  Elymus repens,  Anthoxanthum,  Briza,  Bromus,  Deschampsia,  Hordeum,  Poa,  Secale,  Triticum	present	
Puccinia grisea (F. Strauss) G. Winter 	157	3	25			Pucciniaceae	 Globularia vulgaris	present	alien
Puccinia helianthi Schwein. 	158	3	25			Pucciniaceae	 Helianthus tuberosus	doubtful	alien
Puccinia heraclei Grev. 	159	3	25	30.XII.1994		Pucciniaceae	 Heracleum sphondylium	present	
Puccinia hieracii H. Mart. var. hieracii 	160	3	26	18.X.1878	27.IX.2009	Pucciniaceae	 Centaurea jacea,  Hieracium umbellatum,  Hieracium sabaudum,  Leontodon autumnalis,  Picris hieracioides,  Taraxacum,  Centaurea,  Cichorium,  Hieracium,  Leontodon,  Serratula,  Taraxacum	present	native
Puccinia hieracii var. hypochaeridis (Oudem.) Jørst. 	161	3	26	VIII.1901	14.X.1986	Pucciniaceae	 Hypochaeris radicata	present	native
Puccinia holcina Erikss.	162	3	27	03.IX.1901	03.IV.2007	Pucciniaceae	 Holcus lanatus,  Holcus mollis	present	native
Puccinia hordei G.H. Otth	163	3	27	16.VII.1902		Pucciniaceae	 Ornithogalum,  Hordeum vulgare	present	
Puccinia hordei-murini N.F. Buchw.	164	3	28	29.VI.1998	04.IX.1998	Pucciniaceae	 Hordeum murinum	present	
Puccinia hydrocotyles Cooke 	165	3	28	VIII.1890		Pucciniaceae	 Hydrocotyle vulgaris	present	
Puccinia hysterium (F. Strauss) Röhl. 	166	3	28	20.IV.1943	01.V.1994	Pucciniaceae	 Tragopogon pratensis	present	
Puccinia iridis Rabenh. 	167	3	28			Pucciniaceae	 Urtica,  Valeriana,  Iris graminea	doubtful	
Puccinia komarovii Tranzschel 	168	3	29	08.IX.2009		Pucciniaceae	 Impatiens parviflora	present	alien
Puccinia lactucarum Syd. & P. Syd. 	169	3	29			Pucciniaceae	 Lactuca perennis,  Lactuca serriola	doubtful	
Puccinia lagenophorae Cooke	170	3	29	09.IX.1995	09.IX.2010	Pucciniaceae	 Calendula officinalis,  Senecio vulgaris,  Bellis perennis	present	
Puccinia lapsanae Fuckel 	171	3	30	14.X.1857	24.III.2011	Pucciniaceae	 Lapsana communis	present	native
Puccinia libanotidis Lindr. 	172	3	30	X.1890		Pucciniaceae	 Seseli libanotis	present	
Puccinia liliacearum Duby 	173	3	30	16.V.1899	12.IV.2010	Pucciniaceae	 Ornithogalum pyrenaicum,  Ornithogalum umbellatum	present	native
Puccinia longissima J. Schröt. 	174	3	31	16.IV.1897		Pucciniaceae	 Sedum rupestre,  Sedum acre,  Koeleria	present	
Puccinia luzulae Lib. 	175	3	31	13.IX.1917		Pucciniaceae	 Luzula campestris,  Luzula pilosa	present	
Puccinia magnusiana Körn. 	176	3	31	24.VI.1860	18.X.2008	Pucciniaceae	 Ranunculus repens,  Phragmites australis	present	native
Puccinia major (Dietel) Dietel 	177	3	31	20.V.2004		Pucciniaceae	 Crepis biennis,  Crepis paludosa	present	
Puccinia malvacearum Bertero ex Mont. 	178	3	31	VIII.1880	21.V.2010	Pucciniaceae	 Alcea rosea,  Althaea,  Malva moschata,  Malva neglecta,  Malva sylvestris	present	native
Puccinia mei-mamillata Semadeni 	179	3	32	17.V.2009	26.VI.2010	Pucciniaceae	 Angelica sylvestris,  Persicaria bistorta	present	
Puccinia menthae Pers.: Pers. 	180	3	32	19.IX.1999	05.IX.2005	Pucciniaceae	 Mentha aquatica, Clinopodium vulgare,  Origanum vulgare,  Satureja hortensis,  Thymus vulgaris	present	
Puccinia moliniae Tul. 	181	3	33			Pucciniaceae	 Melampyrum,  Prunella,  Origanum,  Molinia caerulea	present	
Puccinia montana Fuckel 	182	3	33			Pucciniaceae	 Centaurea montana	doubtful	
Puccinia morthieri Körn. 	183	3	33			Pucciniaceae	 Geranium sylvaticum	doubtful	
Puccinia nigrescens Kirchn. 	184	3	33			Pucciniaceae	 Salvia verticillata	doubtful	alien
Puccinia nitida (F. Strauss) Röhl. 	185	3	34	X.1860	16.X.1997	Pucciniaceae	 Aethusa cynapium	present	native
Puccinia obscura J. Schröt. 	186	3	34	24.IV.1988	14.III.2010	Pucciniaceae	 Bellis perennis,  Luzula campestris	present	
Puccinia oreoselini (F. Strauss) Fuckel 	187	3	34			Pucciniaceae	 Peucedanum oreoselinum	doubtful	alien
Puccinia oxalidis Dietel & Ellis 	188	3	35			Pucciniaceae	 Oxalis debilis,  Oxalis latifolia	present	alien
Puccinia paludosa Plowr. 	189	3	35			Pucciniaceae	 Pedicularis palustris,  Carex nigra,  Carex riparia	present	
Puccinia passerinii J. Schröt.	190	3	35	1880	20.VI.1901	Pucciniaceae	 Thesium humifusum	present	native
Puccinia pazschkei Dietel 	191	3	35	11.VII.1895		Pucciniaceae	 Saxifraga	present	alien
Puccinia perplexans Plowr. 	192	3	36	VI.1904	25.V.2003	Pucciniaceae	 Ranunculus acris,  Alopecurus pratensis	present	native
Puccinia persistens Plowr.	193	3	36	VI.1896	12.VII.2008	Pucciniaceae	 Aquilegia vulgaris,  Clematis vitalba,  Thalictrum flavum,  Aconitum,  Actaea,  Anemone,  Hepatica,  Elymus repens,  Elymus athericus,  Secale cereale,  Agrostis,  Bromus,  Hordelymus,  Hordeum,  Milium	present	native
Puccinia phragmitis (Schumach.) Körn. 	194	3	36	17.IX.1878	08.V.2011	Pucciniaceae	 Rumex obtusifolius,  Rheum,  Phragmites australis	present	native
Puccinia pimpinellae (F. Strauss) Röhl. 	195	3	37	V.1852	X.1899	Pucciniaceae	 Pimpinella major,  Pimpinella saxifraga	present	
Puccinia plantaginis Westend. 	196	3	38			Pucciniaceae	 Scorzonera humilis	present	
Puccinia poarum E.Nielsen 	197	3	38	VIII.1865	03.VII.1975	Pucciniaceae	 Tussilago farfara,  Poa nemoralis	present	native
Puccinia polygoni Alb. & Schwein. var. polygoni 	198	3	38	X.1882	19.IX.1997	Pucciniaceae	 Geranium,  Fallopia convolvulus,  Fallopia dumetorum	present	native
Puccinia polygoni-amphibii Pers.: Pers. 	199	3	39	20.X.1855	22.IX.1995	Pucciniaceae	 Geranium,   Persicaria amphibia,  Persicaria maculosa	present	native
Puccinia porphyrogenita M.A. Curtis 	200	3	39			Pucciniaceae	 Cornus canadensis	doubtful	alien
Puccinia prenanthis (Schumach.) Kunze 	201	3	39			Pucciniaceae	 Mycelis muralis,  Prenanthes purpurea,  Cicerbita alpina	doubtful	
Puccinia primulae Duby 	202	3	40			Pucciniaceae	 Primula vulgaris,  Primula veris,  Primula elatior	doubtful	
Puccinia pulverulenta Grev.	203	3	40	IX.1852	22.VI.2010	Pucciniaceae	 Epilobium hirsutum,  Epilobium montanum,  Epilobium palustre,  Epilobium roseum	present	native
Puccinia punctata Link 	204	3	40	25.VIII.1901	09.XI.1999	Pucciniaceae	 Cruciata laevipes,  Galium aparine,  Galium mollugo,  Galium verum	present	
Puccinia punctiformis (F. Strauss) Röhl. 	205	3	41	XI.1901	21.V.2009	Pucciniaceae	 Cirsium arvense	present	native
Puccinia pygmaea Erikss. 	206	3	41	24.IX.1997		Pucciniaceae	 Berberis,  Mahonia,  Calamagrostis epigejos,  Agrostis,  Ammophila,  Calamagrostis,  Festuca	present	
Puccinia recondita Rob. ex Desm. ss. str. 	207	3	42	21.VII.1902	VIII.1955	Pucciniaceae	 Anchusa,  Secale cereale	present	
Puccinia ribis DC. 	208	3	42			Pucciniaceae	 Ribes spicatum	doubtful	
Puccinia rumicis Bellynck	209	3	42	VII.1889		Pucciniaceae	 Rumex scutatus	present	
Puccinia saniculae Grev. 	210	3	42			Pucciniaceae	 Sanicula europaea	present	
Puccinia saxifragae Schltdl. 	211	3	42			Pucciniaceae	 Saxifraga	doubtful	
Puccinia schroeteri Pass. 	212	3	43	VII.1887		Pucciniaceae	 Narcissus pseudonarcissus	present	
Puccinia scirpi DC. 	213	3	43	19.II.1899		Pucciniaceae	 Nymphoides peltata,  Schoenoplectus lacustris	present	
Puccinia senecionis Lib.	214	3	43			Pucciniaceae	 Senecio ovatus	present	
Puccinia sessilis Schneid ex J. Schröt. 	215	3	43	01.VI.1891	15.V.2010	Pucciniaceae	 Allium ursinum,  Arum maculatum,  Convallaria majalis,  Listera ovata,  Paris quadrifolia,  Maianthemum bifolium,  Orchis militaris,  Polygonatum,  Phalaris arundinacea	present	native
Puccinia sii-falcariae J. Schröt. 	216	3	44			Pucciniaceae	 Falcaria vulgaris	doubtful	
Puccinia smyrnii Biv. 	217	3	44			Pucciniaceae	 Smyrnium olusatrum	doubtful	alien
Puccinia soldanellae Fuckel 	218	3	45			Pucciniaceae	 Soldanella	doubtful	alien
Puccinia sorghi Schwein. 	219	3	45	06.X.1997		Pucciniaceae	 Oxalis	present	alien
Puccinia striiformis Westend. 	220	3	45	29.V.1916		Pucciniaceae	 Agrostis canina,  Brachypodium sylvaticum,  Bromus hordeaceus,  Elymus caninus,  Elymus repens,  Hordeum murinum,  Hordeum vulgare,  Secale cereale,  Triticum sp.	present	
Puccinia subnitens Dietel 	221	3	45			Pucciniaceae	 Chenopodium album,  Chenopodium glaucum,  Distichlis	doubtful	alien
Puccinia tanaceti DC.	222	3	46	02.XI.1857	28.IX.2009	Pucciniaceae	 Artemisia absinthium,  Artemisia vulgaris,   Tanacetum vulgare,  Chrysanthemum	present	
Puccinia thesii Chaillet 	223	3	46			Pucciniaceae	 Thesium linophyllon	doubtful	
Puccinia triticina Erikss. 	224	3	46	22.VII.1902	29.VII.1996	Pucciniaceae	 Thalictrum,  Triticum aestivum	present	native
Puccinia uliginosa Juel 	225	3	47	VI.1901		Pucciniaceae	 Parnassia palustris,  Carex nigra	present	
Puccinia umbilici Guépin 	226	3	47			Pucciniaceae	 Umbilicus pendulinus,  Umbilicus rupestris,  Rhodiola rosea	doubtful	alien
Puccinia urticata F. Kern 	227	3	47	IV.1878	15.V.2010	Pucciniaceae	 Urtica dioica,  Urtica urens,  Carex	present	native
Puccinia urticata var. urticae-acutae (Kleb.) Zwetko 	228	3	48	19.IX.1999		Pucciniaceae	 Urtica dioica,  Urtica urens,  Carex acuta,  Carex nigra,  Carex elata	present	
Puccinia urticata var. urticae-acutiformis (Kleb.) Zwetko 	229	3	48	19.III.1988		Pucciniaceae	 Urtica dioica,  Urtica urens,  Carex acutiformis	present	
Puccinia urticata var. urticae-hirtae (Kleb.) Zwetko 	230	3	48	II.1898		Pucciniaceae	 Urtica dioica,  Urtica urens,  Carex hirta	present	
Puccinia urticata var. urticae-ripariae (Hasler) Zwetko 	231	3	49	24.III.1997		Pucciniaceae	 Urtica dioica,  Urtica urens,  Carex riparia	present	
Puccinia variabilis Grev. 	232	3	49	VIII.1880	09.XI.1999	Pucciniaceae	 Taraxacum officinale	present	native
Puccinia veronicae (Schumach.) G. Winter	233	3	49	VII.1883	26.VI.1943	Pucciniaceae	 Veronica montana	present	native
Puccinia veronicarum DC. 	234	3	50	VII.1886		Pucciniaceae	 Veronica officinalis,  Veronica longifolia,  Veronica spicata,  Veronica urticifolia	present	
Puccinia vincae Berk. 	235	3	50	25.VII.1955	12.VI.2001	Pucciniaceae	 Vinca major,  Vinca	present	
Puccinia violae DC. 	236	3	50	17.IX.1994		Pucciniaceae	 Viola riviniana	present	
Puccinia virgae-aureae (DC.) Lib. 	237	3	50			Pucciniaceae	 Solidago virgaurea	present	
