scientificName	catalogNumber	part	page	from	to	eventDate	taxonRank	family	associatedTaxa	occurrenceStatus	Column
Hyalopsora polypodii (Dietel) Magnus	1	1	11	VII.1878	VIII.1880	1878-07/1880-08	species	Pucciniastraceae  	parasite of: Cystopteris fragilis	present	
Melampsorella caryophyllacearum J. Schröt	2	1	11	V.1888		1888-05	species	Pucciniastraceae  	parasite of: Abies alba| parasite of: Cerastium arvense| parasite of: Holosteum umbellatum| parasite of: Stellaria holostea| parasite of: Stellaria nemorum| parasite of: Moehringia trinervia	present	
Melampsorella symphyti Bubák	3	1	11	04.X.1963	15.V.2006	1963-10-04/2006-05-15	species	Pucciniastraceae  	parasite of: Symphytum officinale| parasite of: parasite of: Abies alba	present	
Melampsoridium betulinum (Fr.) Kleb.	4	1	12	13.X.2000		2000-10-13	species	Pucciniastraceae  	parasite of: Larix decidua| parasite of: Larix kaempferi| parasite of: Betula pendula| parasite of: Betula pubescens	present	alien
Milesina blechni (Syd. & P. Syd.) Syd.	5	1	12				species	Pucciniastraceae  	parasite of: Abies alba| parasite of: Blechnum spicant	present	
Naohidemyces vaccinii (G. Winter) S. Sato, Katsuya & Y. Hirats.	6	1	12	IX.1890	13.VIII.1902	1890-09/1902-08-13	species	Pucciniastraceae  	parasite of: Vaccinium myrtillus| parasite of: Vaccinium uliginosum| parasite of: Vaccinium oxycoccos| parasite of: Vaccinium vitis-idaea	present	
Pucciniastrum agrimoniae (Dietel) Tranz.	7	1	12	IX.1889		1889-09	species	Pucciniastraceae  	parasite of: Agrimonia eupatoria	present	
Pucciniastrum areolatum (Fr.) G.H. Otth	8	1	12	IX.1889	10.IV.1917	1889-09/1917-04-10	species	Pucciniastraceae  	parasite of: Picea abies| parasite of: Prunus padus	present	
Pucciniastrum circaeae (G. Winter) Speg. ex De Toni	9	1	13	17.VI.1980	16.VIII.2003	1980-06-17/2003-08-16	species	Pucciniastraceae  	parasite of: Abies alba| parasite of: Circaea lutetiana	present	
Pucciniastrum epilobii G.H. Otth	10	1	13	18.VIII.1878	10.X.1999	1878-08-18/1999-10-10	species	Pucciniastraceae  	parasite of: Abies alba| parasite of: Epilobium angustifolium| parasite of: Epilobium hirsutum| parasite of: Epilobium montanum	present	
Pucciniastrum guttatum (J. Schröt.) Hyl., Jørst. & Nannf.	11	1	13	07.IX.1901		1901-09-07	species	Pucciniastraceae  	parasite of: Galium mollugo| parasite of: Galium odoratum| parasite of: Sherardia arvensis	present	
Pucciniastrum pyrolae Arthur	12	1	13	VII.1879		1879-07	species	Pucciniastraceae  	parasite of: Pyrola minor| parasite of: Pyrola rotundifolia	present	
Uredinopsis filicina Magnus	13	1	14				species	Pucciniastraceae  	parasite of: Phegopteris connectilis	present	
Chrysomyxa abietis Unger	14	1	14	VIII.1901		1901-08	species	Coleosporiaceae	parasite of: Picea abies	present	
Chrysomyxa pyrolata G. Winter	15	1	14	14.V.1979		1979-05-14	species	Coleosporiaceae	parasite of: Picea abies| parasite of: Pyrola rotundifolia	present	
Coleosporium tussilaginis (Pers.: Pers.) Lév. ex Tul.	16	1	14	02.VII.1920	25.IX.2005	1920-07-02/2005-09-25	species	Coleosporiaceae	parasite of: Pinus sylvestris| parasite of: Pinus nigra| parasite of: Anemone pulsatilla| parasite of: Calendula officinalis| parasite of: Campanula latifolia| parasite of: Campanula rapunculoides| parasite of: Campanula rapunculus| parasite of: Campanula rotundifolia| parasite of: Campanula trachelium| parasite of: Euphrasia stricta| parasite of: Melampyrum arvense| parasite of: Melampyrum pratense| parasite of: Petasites hybridus| parasite of: Phyteuma spicatum| parasite of: Rhinanthus alectorolophus| parasite of: Rhinanthus minor| parasite of: Senecio ovatus| parasite of: Senecio sylvaticus| parasite of: Senecio viscosus| parasite of: Senecio vulgaris| parasite of: Sonchus arvensis| parasite of: Sonchus asper| parasite of: Sonchus oleraceus| parasite of: Tropaeolum peregrinum| parasite of: Tussilago farfara	present	
Cronartium flaccidum (Alb. & Schwein.) G. Winter	17	1	15	15.VIII.1876	05.VI.1929	1876-08-15/1929-06-05	species	Cronartiaceae	parasite of: Pinus pinaster| parasite of: Pinus sylvestris| parasite of: Paeonia officinalis| parasite of: Vincetoxicum hirundinaria 	present	
Cronartium quercuum Miyabe ex Shirai  s.l.	18	1	15				species	Cronartiaceae	parasite of: Pinus sylvestris| parasite of: Quercus spp.	present	
Cronartium ribicola J.C. Fischer	19	1	16	1920	31.VIII.2006	1920/2006-08-31	species	Melampsoraceae	parasite of: Pinus strobus| parasite of: Ribes nigrum| parasite of: Ribes rubrum| parasite of: Ribes uva-crispa	present	
Melampsora allii-fragilis Kleb.	20	1	16	V.1902		1902-05	species	Melampsoraceae	parasite of: Allium ursinum| parasite of: Salix fragilis| parasite of: Salix pentandra	present	
Melampsora allii-populina Kleb.	21	1	16				species	Melampsoraceae	parasite of: Allium ursinum| parasite of: Arum maculatum| parasite of: Populus nigra| parasite of: Populus trichocarpa	doubtful	
Melampsora amygdalinae Kleb.	22	1	16	30.VII.1997	24.VI.1997	1997-07-30/1997-06-24	species	Melampsoraceae	parasite of: Salix triandra	present	
Melampsora capraearum Thüm.	23	1	16	29.VIII.1901	06.XI.2005	1901-08-29/2005-11-06	species	Melampsoraceae	parasite of: Salix aurita| parasite of: Salix caprea| parasite of: Salix cinerea| parasite of: Salix x holosericea| parasite of: Salix x multinervis| parasite of: Salix x reichardtii| parasite of: Salix viminalis 	present	native
Melampsora epitea Thüm.	24	1	17	IX.1901	26.X.2000	1901-09/2000-10-26	species	Melampsoraceae	parasite of: Abies| parasite of: Euonymus| parasite of: Larix spp| parasite of: Orchidaceae| parasite of: Ribes| parasite of: Saxifraga| parasite of: Salix aurita| parasite of: Salix caprea| parasite of: Salix cinerea| parasite of: Salix x hippophaefolia| parasite of: Salix x holosericea| parasite of: Salix x multinervis| parasite of: Salix purpurea| parasite of: Salix x reichardtii| parasite of: Salix repens| parasite of: Salix viminalis	present	
Melampsora euphorbiae (C. Schub.) Castagne	25	1	17	24.IX.1900	14.IX.1999	1900-09-24/1999-09-14	species	Melampsoraceae	parasite of: Euphorbia amygdaloides| parasite of: Euphorbia exigua| parasite of: Euphorbia helioscopia| parasite of: Euphorbia paralias| parasite of: Euphorbia peplus	present	native
Melampsora hypericorum G. Winter	26	1	17				species	Melampsoraceae	parasite of: Hypericum androsaemum| parasite of: Hypericum calycinum| parasite of: Hypericum hirsutum| parasite of: Hypericum humifusum	present	
Melampsora laricis-pentandrae Kleb.	27	1	17				species	Melampsoraceae	parasite of: Larix| parasite of: Salix pentandra| parasite of: Salix fragilis x Salix pentandra	doubtful	
Melampsora laricis-populina Kleb.	28	1	17	22.VII.1917	06.IX.2006	1917-07-22/2006-09-06	species	Melampsoraceae	parasite of: Larix decidua| parasite of: Populus balsamifera| parasite of: Populus x canadensis| parasite of: Populus deltoides| parasite of: Populus nigra| parasite of: Populus serotina 	present	
Melampsora lini (Ehrenb.) Lév. ex Desm.  var. lini	29	1	17	27.VI.1897		1897-06-27	variety	Melampsoraceae	parasite of: Linum catharticum	present	
Melampsora lini var. liniperda Körn.	30	1	18				variety	Melampsoraceae	parasite of: Linum usitatissimum 	present	
Melampsora populnea (Pers.: Pers.) P. Karst.	31	1	18	1887	24.X.2004	1887/2004-10-24	species	Melampsoraceae	parasite of: Larix decidua| parasite of: Mercurialis perennis| parasite of: Pinus sylvestris| parasite of: Populus alba| parasite of: Populus balsamifera| parasite of: Populus x canadensis| parasite of: Populus x canescens| parasite of: Populus monilifera| parasite of: Populus nigra| parasite of: Populus tremula	present	
Melampsora ribis-viminalis Kleb.	32	1	18	17.VIII.1999		1999-08-17	species	Melampsoraceae	parasite of: Ribes| parasite of: Salix x sericans| parasite of: Salix viminalis	present	
Melampsora salicis-albae Kleb.	33	1	18	19.IX.1997		1997-09-19	species	Melampsoraceae	parasite of: Allium ursinum| parasite of: Salix alba| parasite of: Salix pentandra	present	
Ochropsora ariae (Fuckel) Ramsb.	34	1	18	04.V.1879	VII.1882	1879-05-04/1882-07	species	Chaconiaceae  	parasite of: Anemone nemorosa| parasite of: Sorbus aucuparia| parasite of: Amelanchier| parasite of: Malus| parasite of: Prunus| parasite of: Pyrus	present	
Tranzschelia anemones (Pers.: Pers.) Nannf.	35	1	19	IV.1878	29.IV.1956	1878-04/1956-04-29	species	Uropyxidaceae	parasite of: Anemone nemorosa	present	native
Tranzschelia discolor (Fuckel) Tranzschel & M.A. Litv.	36	1	19	18.IX.2000	18.IX.2005	2000-09-18/2005-09-18	species	Uropyxidaceae	parasite of: Anemone coronaria| parasite of: Prunus domestica| parasite of: Prunus domestica subsp. Italica	present	alien
Tranzschelia pruni-spinosae (Pers.: Pers.) Dietel	37	1	19	16.X.1997	02.X.2005	1997-10-16/2005-10-02	species	Uropyxidaceae	parasite of: Anemone| parasite of: Thalictrum| parasite of: Prunus spinosa 	present	
Triphragmium ulmariae (DC.) Link	38	1	19	30.V.1943	03.VI.2006	1943-05-30/2006-06-03	species	Raveneliaceae	parasite of: Filipendula ulmaria	present	native
Frommeëlla mexicana (Mains) J.W. McCain & J.F. Hennen	39	1	20	08.VI.2007	12.VI.2007	2007-06-08/2007-06-12	species	Phragmidiaceae	parasite of: Duchesnea indica	present	alien
Frommeëlla tormentillae (Fuckel) Cummins & Y. Hirats.	40	1	20	30.V.2000		2000-05-30	species	Phragmidiaceae	parasite of: Potentilla erecta| parasite of: Potentilla anglica| parasite of: Potentilla reptans	present	
Kuehneola uredinis (Link) Arthur	41	1	20	19.V.1984	29.I.2007	1984-05-19/2007-01-29	species	Phragmidiaceae	parasite of: Rubus caesius| parasite of: Rubus fruticosus	present	
Phragmidium bulbosum (F. Strauss) Schltdl.	42	1	21	03.XI.2000	01.VIII.2006	2000-11-03/2006-08-01	species	Phragmidiaceae	parasite of: Rubus caesius| parasite of: Rubus fruticosus	present	
Phragmidium fragariae (DC.) Rabenh.	43	1	21	IV.1878	23.IV.2006	1878-04/2006-04-23	species	Phragmidiaceae	parasite of: Potentilla sterilis	present	native
Phragmidium mucronatum (Pers.: Pers.) Schltdl.	44	1	21	20.VIII.1856	16.X.1997	1856-08-20/1997-10-16	species	Phragmidiaceae	parasite of: Rosa arvensis| parasite of: Rosa canina| parasite of: Rosa corymbifera| parasite of: Rosa gallica var. centifolia| parasite of: Rosa spinosissima	present	native
Phragmidium potentillae (Pers.: Pers.) P. Karst.	45	1	21	VII.1889		1889-07	species	Phragmidiaceae	parasite of: Potentilla anglica	present	
Phragmidium rosae-pimpinellifoliae Dietel	46	1	21	20.IX.2000		2000-09-20	species	Phragmidiaceae	parasite of: Rosa spinosissima	present	
Phragmidium rubi-idaei (DC.) P. Karst.	47	1	22	09.X.1999	10.X.1999	1999-10-09/1999-10-10	species	Phragmidiaceae	parasite of: Rubus idaeus	present	
Phragmidium sanguisorbae (DC.) J. Schröt.	48	1	22	28.VIII.1923		1923-08-28	species	Phragmidiaceae	parasite of: Sanguisorba minor	present	
Phragmidium tuberculatum Jul. Müll.	49	1	22	IX.1884	26.VI.2006	1884-09/2006-06-26	species	Phragmidiaceae	parasite of: Rosa arvensis| parasite of: Rosa canina| parasite of: Rosa rugosa	present	native
Phragmidium violaceum (Schultz) G. Winter	50	1	22	12.II.1996	29.I.2007	1996-02-12/2007-01-29	species	Phragmidiaceae	parasite of: Rubus caesius| parasite of: Rubus fruticosus	present	
Trachyspora intrusa (Grev.) Arthur	51	1	22	V.1885	18.V.1904	1885-05/1904-05-18	species	Phragmidiaceae	parasite of: Alchemilla vulgaris	present	native
Xenodochus carbonarius Schltdl.	52	1	23	28.VI.1896		1896-06-28	species	Phragmidiaceae	parasite of: Sanguisorba officinalis	present	
Cumminsiella mirabilissima (Peck) Nannf.	53	2	11	14.5.1996	17.8.2004	1996-05-14/2004-08-17	species	Pucciniaceae	parasite of: Mahonia aquifolium| parasite of: Mahonia bealei	present	alien
Endophyllum euphorbiae-silvaticae (DC.) G. Winter	54	2	11	1885	1885	1885/1885	species	Pucciniaceae	parasite of: Euphorbia amygdaloides	present	
Endophyllum sempervivi (Alb. & Schwein.) de Bary	55	2	12	18.5.1919	1956	1919-05-18/1956	species	Pucciniaceae	parasite of: Sempervivum tectorum	present	
Gymnosporangium clavariiforme (Wulfen : Pers.) DC.	56	2	12	14.6.1917	17.4.2008	1917-06-14/2008-04-17	species	Pucciniaceae	parasite of: Crataegus monogyna| parasite of: Juniperus communis	present	native
Gymnosporangium confusum Plowr.	57	2	12	7/1879	6/1882	1879-07/1882-06	species	Pucciniaceae	parasite of: Mespilus germanica| parasite of: Cydonia oblonga| parasite of: Crataegus| parasite of: Juniperus sabina| parasite of: Juniperus virginiana	present	alien
Gymnosporangium cornutum Arthur ex F. Kern	58	2	12	05.10.1884	8.1902	1884-10-05/1902-08	species	Pucciniaceae	parasite of: Sorbus aucuparia| parasite of: Juniperus communis	present	
Gymnosporangium sabinae (Dicks.) G. Winter	59	2	13	VII.1878	02.X.2008	1878-07/2008-10-02	species	Pucciniaceae	parasite of: Pyrus calleryana| parasite of: Pyrus communis| parasite of: Pyrus communis subsp. Pyraster| parasite of: Pyrus salicifolia f. pendula| parasite of: Juniperus x media| parasite of: Juniperus x pfitzeriana| parasite of: Juniperus sabina| parasite of: Juniperus virginiana	present	alien
Miyagia pseudosphaeria (Mont.) Jørst.	60	2	14	30.IX.1997	16.VIII.2000	1997-09-30/2000-08-16	species	Pucciniaceae	parasite of: Sonchus arvensis| parasite of: Sonchus asper| parasite of: Sonchus oleraceus| parasite of: Sonchus palustris	present	
Uromyces acetosae J. Schröt.	61	2	14	VIII.1922	VIII.1922	1922-08/1922-08	species	Pucciniaceae	parasite of: Rumex acetosa| parasite of: Rumex acetosella	present	
Uromyces aecidiiformis (F. Strauss) C.C. Rees	62	2	14				species	Pucciniaceae	parasite of: Fritillaria| parasite of: Lilium candidum| parasite of: Lilium martagon	doubtful	
Uromyces anthyllidis J. Schröt.	63	2	14	VIII.1919	14.XI.1995	1919-08/1995-11-14	species	Pucciniaceae	parasite of: Euphorbia| parasite of: Anthyllis vulneraria| parasite of: Medicago arabica| parasite of: Trifolium dubium| parasite of: Medicago minima| parasite of: Hippocrepis comosa| parasite of: Lupinus luteus	present	
Uromyces appendiculatus (Pers.: Pers.) Unger var. appendiculatus	64	2	15	X.1885	10.X.1916	1885-10/1916-10-10	variety	Pucciniaceae	parasite of: Phaseolus vulgaris	present	
Uromyces armeriae Lév. ex J. Kickx f.	65	2	15	14.VIII.1901	14.VIII.1901	1901-8-14/1901-8-14	species	Pucciniaceae	parasite of: Armeria maritima	present	
Uromyces behenis (DC.) Unger	66	2	15	1867	1867	1867/1867	species	Pucciniaceae	parasite of: Silene vulgaris	doubtful	
Uromyces beticola (Bellynck) Boerema, Loer. & Hamers	67	2	15	11.X.1996	11.X.1996	1996-10-11/1996-10-11	species	Pucciniaceae	parasite of: Beta vulgaris	present	
Uromyces chenopodii (Duby) J. Schröt.	68	2	16	1898	1898	1898/1898	species	Pucciniaceae	parasite of: Suaeda	doubtful	
Uromyces croci Pass.	69	2	16	1876	1876	1876/1876	species	Pucciniaceae	parasite of: Crocus biflorus	doubtful	alien
Uromyces dactylidis G.H. Otth,	70	2	16	17.IV.1878	21.III.2004	1878-04-17/2004-03-21	species	Pucciniaceae	parasite of: Ranunculus acris| parasite of: Ranunculus ficaria| parasite of: Ranunculus repens| parasite of: Dactylis glomerata| parasite of: Festuca rubra| parasite of: Poa pratensis	present	native
Uromyces dianthi (Pers.: Pers.) Niessl	71	2	17				species	Pucciniaceae	parasite of: Dianthus chinensis	doubtful	alien
Uromyces ervi Westend.	72	2	17				species	Pucciniaceae	parasite of: Vicia hirsuta	present	
Uromyces erythronii (DC.) Pass.	73	2	17	1898	1898	1898/1898	species	Pucciniaceae	parasite of: Erythronium dens-canis	doubtful	
Uromyces euphorbiae-corniculati Jordi	74	2	18	10.VIII.1920	10.VIII.1920	1920-08-10/1920-08-10	species	Pucciniaceae	parasite of: Euphorbia cyparissias| parasite of: Lotus corniculatus	present	
Uromyces fallens (Arthur) F. Kern ex Barthol.	75	2	18	24.X.1997	24.X.1997	1997-10-24/1997-10-24	species	Pucciniaceae	parasite of: Trifolium pratense	present	
Uromyces ficariae (Schumach.) Fuckel	76	2	18	04.V.1901	18.IV.2006	1901-05-04/2006-04-18	species	Pucciniaceae	parasite of: Ranunculus ficaria	present	native
Uromyces geranii (DC.) Fr.	77	2	18	28.IX.1991	26.VI.1995	1991-09-28/1995-06-26	species	Pucciniaceae	parasite of: Geranium dissectum| parasite of: Geranium molle| parasite of: Geranium pusillum| parasite of: Geranium pyrenaicum	present	
Uromyces hedysari-obscuri (DC.) Carestía & Picc.	78	2	19				species	Pucciniaceae	parasite of: Hedysarum hedysaroides 	doubtful	alien
Uromyces junci (Desm.) Tul.	79	2	19	X.1889		1889-10	species	Pucciniaceae	parasite of: Pulicaria dysenterica| parasite of: Juncus effusus| parasite of: Juncus conglomeratus| parasite of: Juncus inflexus| parasite of: Juncus subnodulosus	present	
Uromyces laburni (DC.) G.H. Otth	80	2	19	1888	1888	1888/1888	species	Pucciniaceae	parasite of: Euphorbia cyparissias| parasite of: Laburnum anagyroides| parasite of: Genistella sagittalis| parasite of: Cytisus scoparius| parasite of: Genista| parasite of: Chamaecytisus	present	
Uromyces limonii (DC.) Lév. ex Berk.	81	2	20	18.VIII.1957	18.VIII.1957	1957-08-18/1957-08-18	species	Pucciniaceae	parasite of: Limonium vulgare	present	
Uromyces lineolatus (Desm.) J. Schröt.	82	2	20				species	Pucciniaceae	parasite of: Glaux maritima| parasite of: Berula| parasite of: Oenanthe| parasite of: Pastinaca| parasite of: Sium| parasite of: Apium| parasite of: Torilis| parasite of: Daucus| parasite of: Bolboschoenus maritimus	present	
Uromyces minor J. Schröt.	83	2	20	17.VII.1999	17.VII.1999	1999-07-17/1999-07-17	species	Pucciniaceae	parasite of: Trifolium campestre| parasite of: Trifolium dubium| parasite of: Trifolium pratense| parasite of: Trifolium montanum	present	
Uromyces muscari (Duby) Lév. ex L. Graves	84	2	20	1860	1881	1860/1881	species	Pucciniaceae	parasite of: Hyacinthoides non-scripta| parasite of: Muscari| parasite of: Ornithogalum| parasite of: Scilla	present	
Uromyces pisi (DC.) G.H. Otth	85	2	20	1864	24.V.1998	1864/1998-05-24	species	Pucciniaceae	parasite of: Euphorbia cyparissias| parasite of: Euphorbia esula| parasite of: Lathyrus pratensis| parasite of: Pisum sativum| parasite of: Lathyrus sylvestris	present	native
Uromyces polygoni-avicularis (Pers.: Pers.) P. Karst.	86	2	21	VI.1901	28.VII.1999	1901-06/1999-07-28	species	Pucciniaceae	parasite of: Polygonum aviculare| parasite of: Rumex acetosella	present	native
Uromyces proëminens (DC.) Pass. in Rabenh.	87	2	21				species	Pucciniaceae	parasite of: Euphorbia chamaesyce	doubtful	alien
Uromyces rumicis (Schumach.) G. Winter	88	2	21	04.IX.1999		1999-09-04	species	Pucciniaceae	parasite of: Ranunculus ficaria| parasite of: Rumex acetosa| parasite of: Rumex acetosella| parasite of: Rumex crispus| parasite of: Rumex hydrolapathum| parasite of: Rumex obtusifolius| parasite of: Rumex palustris	present	
Uromyces salicorniae de Bary	89	2	22	1898		1898	species	Pucciniaceae	parasite of: Salicornia	doubtful	
Uromyces scrophulariae Fuckel	90	2	22				species	Pucciniaceae	parasite of: Scrophularia nodosa	present	
Uromyces scutellatus (Schrank: Pers.) Lév. ex Tul.	91	2	22	08.V.1956	22.V.1978	1956-05-08/1978-05-22	species	Pucciniaceae	parasite of: Euphorbia cyparissias| parasite of: Euphorbia esula	present	
Uromyces sparsus (J.C. Schmidt & Kunze) Lév. ex Cooke	92	2	23				species	Pucciniaceae	parasite of: Spergularia marina| parasite of: Spergularia media| parasite of: Spergularia rubra	doubtful	
Uromyces striatus J. Schröt.	93	2	23	03.VIII.1920	09.IX.1995	1920-08-03/1995-09-09	species	Pucciniaceae	parasite of: Euphorbia cyparissias| parasite of: Medicago lupulina| parasite of: Trifolium	present	
Uromyces trifolii (R. Hedw. ex DC.) Fuckel	94	2	23	X.1885	16.IX.1996	1885-10/1996-09-16	species	Pucciniaceae	parasite of: Trifolium repens| parasite of: Trifolium fragiferum	present	native
Uromyces trifolii-repentis Liro ex Liro	95	2	24	22.VIII.1875	12.IX.1991	1875-08-22/1991-09-12	species	Pucciniaceae	parasite of: Trifolium fragiferum| parasite of: Trifolium hybridum var. elegans| parasite of: Trifolium repens| parasite of: Trifolium hybridum	present	native
Uromyces tuberculatus (Fuckel) Fuckel	96	2	24	VII.1902		1902-07	species	Pucciniaceae	parasite of: Euphorbia exigua	present	
Uromyces valerianae (DC.) Fuckel	97	2	24	05.VI.1994		1994-06-05	species	Pucciniaceae	parasite of: Valeriana dioica| parasite of: Valeriana repens| parasite of: Valeriana wallrothii	present	
Uromyces veratri (DC.) J. Schröt.	98	2	24	XI.1852		1852-11	species	Pucciniaceae	parasite of: Cacalia| parasite of: Adenostyles alliariae| parasite of: Veratrum album	present	alien
Uromyces viciae-fabae var. orobi (Schumach.) Jørst.	99	2	25	VIII.1887	29.VIII.1901	1887-08/1901-08-29	variety	Pucciniaceae	parasite of: Lathyrus linifolius var. montanus	present	
Uromyces viciae-fabae J. Schröt. var. viciae-fabae 	100	2	25	08.X.1895	02.X.2005	1895-10-08/2005-10-02	variety	Pucciniaceae	parasite of: Lathyrus odoratus| parasite of: Vicia cracca| parasite of: Vicia faba| parasite of: Vicia hirsuta| parasite of: Vicia sativa| parasite of: Vicia sepium	present	
Puccinia acetosae Körn. 	101	3	8	15.VII.2000		2000-07-15	species	Pucciniaceae	parasite of: Rumex acetosa| parasite of: Rumex acetosella| parasite of: Rumex obtusifolius| parasite of: Rumex palustris	present	
Puccinia adoxae R. Hedw. 	102	3	8	14.V.1966	15.V.2010	1966-05-14/2010-05-15	species	Pucciniaceae	parasite of: Adoxa moschatellina	present	
Puccinia aegopodii (F. Strauss) Röhl. 	103	3	9	17.VI.1899	05.IX.2002	1899-06-17/2002-09-05	species	Pucciniaceae	parasite of: Aegopodium podagraria	present	native
Puccinia albescens Plowr. 	104	3	9	07.IV.1878	12.IV.2009	1878-04-07/2009-04-12	species	Pucciniaceae	parasite of: Adoxa moschatellina	present	native
Puccinia allii F. Rudolphi 	105	3	9	19.XI.1974	28.VI.2010	1974-11-19/2010-06-28	species	Pucciniaceae	parasite of: Allium porrum| parasite of: Allium sativum| parasite of: Allium scorodoprasum| parasite of: Allium sphaerocephalon| parasite of: Allium vineale	present	
Puccinia angelicae (Schumach.) Fuckel 	106	3	10				species	Pucciniaceae	parasite of: Angelica sylvestris| parasite of: Peucedanum palustre| parasite of: Silaum silaus| parasite of: Selinum carvifolia	present	
Puccinia annularis (F. Strauss) Röhl. 	107	3	11	29.VIII.1856	10.XI.1996	1856-08-29/1996-11-10	species	Pucciniaceae	parasite of: Teucrium scorodonia| parasite of: Teucrium botrys	present	native
Puccinia antirrhini Dietel & Holw. 	108	3	11	VII.1947		1947-07	species	Pucciniaceae	parasite of: Antirrhinum majus	present	alien
Puccinia apii Desm. 	109	3	11	1878		1878	species	Pucciniaceae	parasite of: Apium graveolens	present	
Puccinia arenariae (Schumach.) G. Winter	110	3	11	12.VII.1856	28.X.2007	1856-07-12/2007-10-28	species	Pucciniaceae	parasite of: Cerastium| parasite of: Dianthus barbatus| parasite of: Herniaria hirsuta| parasite of: Moehringia trinervia| parasite of: Myosoton aquaticum| parasite of: Silene dioica| parasite of: Silene latifolia subsp. alba| parasite of: Spergula arvensis| parasite of: Stellaria nemorum	present	native
Puccinia argentata (Schultz) G. Winter 	111	3	12	VIII.1898	30.IV.1995	1898-08/1995-04-30	species	Pucciniaceae	parasite of: Adoxa moschatellina| parasite of: Impatiens noli-tangere	present	native
Puccinia asparagi DC. 	112	3	13	X.1886		1886-10	species	Pucciniaceae	parasite of: Asparagus officinalis	present	
Puccinia behenis G.H.Otth 	113	3	13	09.XI.1999		1999-11-09	species	Pucciniaceae	parasite of: Silene dioica| parasite of: Silene latifolia subsp. alba	present	
Puccinia betonicae (Alb. & Schwein.) DC. 	114	3	13		07.V.2010	2010-05-07	species	Pucciniaceae	parasite of: Stachys officinalis	present	
Puccinia bistortae DC. 	115	3	13	22.VIII.1856	07.VII.2007	1856-08-22/2007-07-07	species	Pucciniaceae	parasite of: Angelica| parasite of: Carum| parasite of: Conopodium| parasite of: Persicaria bistorta	present	native
Puccinia brachypodii var. arrhenatheri (Kleb.) Cummins & H.C. Greene 	116	3	13	IX.1901	05.IV.1995	1901-09/1995-04-05	variety	Pucciniaceae	parasite of: Berberis vulgaris| parasite of: Arrhenatherum elatius| parasite of: Deschampsia cespitosa	present	native
Puccinia brachypodii G.H. Otth var. brachypodii	117	3	14	21.VIII.1994		1994-08-21	variety	Pucciniaceae	parasite of: Berberis vulgaris| parasite of: Brachypodium sylvaticum| parasite of: Brachypodium pinnatum	present	
Puccinia brachypodii var. poae-nemoralis (G.H. Otth) Cummins & H.C. Greene 	118	3	14	VII.1884	07.V.1995	1884-07/1995-05-07	variety	Pucciniaceae	parasite of: Arrhenatherum elatius| parasite of: Poa compressa| parasite of: Poa nemoralis| parasite of: Poa trivialis	present	native
Puccinia bromina Erikss. 	119	3	14	03.VI.1894	08.VI.1998	1894-06-03/1998-06-08	species	Pucciniaceae	parasite of: Symphytum officinalis| parasite of: Bromus hordeaceus	present	native
Puccinia bulbocastani Fuckel 	120	3	15				species	Pucciniaceae	parasite of: Bunium bulbocastanum	present	
Puccinia bupleuri Rudolphi 	121	3	15	28.V.1904	VI.1904	1904-05-28/1904-06	species	Pucciniaceae	parasite of: Bupleurum falcatum	present	
Puccinia buxi DC. 	122	3	15	08.XI.1958	01.III.2008	1958-11-08/2008-03-01	species	Pucciniaceae	parasite of: Buxus sempervirens	present	
Puccinia calcitrapae DC. 	123	3	15	IX.1883	28.IX.2009	1883-09/2009-09-28	species	Pucciniaceae	parasite of: Arctium minus| parasite of: Arctium minus subsp. pubens| parasite of: Carduus crispus| parasite of: Centaurea calcitrapa| parasite of: Centaurea jacea| parasite of: Centaurea jacea subsp. grandiflora| parasite of: Centaurea jacea subsp. nigra| parasite of: Centaurea scabiosa| parasite of: Cirsium oleraceum| parasite of: Cirsium palustre| parasite of: Crepis capillaris	present	native
Puccinia calthae Link 	124	3	16	13.VIII.1901		1901-08-13	species	Pucciniaceae	parasite of: Caltha palustris	present	
Puccinia calthicola J. Schröt. 	125	3	16	19.VIII.1921	17.V.2009	1921-08-19/2009-05-17	species	Pucciniaceae	parasite of: Caltha palustris	present	native
Puccinia campanulae Carm. ex Berk. 	126	3	16	1852		1852	species	Pucciniaceae	parasite of: Campanula rotundifolia| parasite of: Campanula rapunculus	doubtful	
Puccinia caricina DC. 	127	3	16	07.X.1856	09.VIII.2008	1856-10-07/2008-08-09	species	Pucciniaceae	parasite of: Ribes uva-crispa| parasite of: Carex acuta| parasite of: Carex pendula	present	native
Puccinia chaerophylli Purton 	128	3	17	21.IX.2000	08.VI.2010	2000-09-21/2010-06-08	species	Pucciniaceae	parasite of: Anthriscus sylvestris| parasite of: Myrrhis odorata| parasite of: Chaerophyllum temulum| parasite of: Torilis japonica 	present	
Puccinia chamaedryos Ces. 	129	3	17	IX.1913		1913-09	species	Pucciniaceae	parasite of: Teucrium chamaedrys| parasite of: Teucrium botrys	present	
Puccinia chrysosplenii Grev. 	130	3	18	IX.1890		1890-09	species	Pucciniaceae	parasite of: Chrysosplenium oppositifolium| parasite of: Chrysosplenium alternifolium	present	
Puccinia cicutae Lasch 	131	3	18				species	Pucciniaceae	parasite of: Cicuta virosa	doubtful	
Puccinia circaeae Pers.: Pers. 	132	3	18	08.IX.2004		2004-09-08	species	Pucciniaceae	parasite of: Circaea lutetiana 	present	
Puccinia cnici H. Mart. 	133	3	18	09.XI.1999		1999-11-09	species	Pucciniaceae	parasite of: Cirsium vulgare	present	
Puccinia cnici-oleracei Pers. 	134	3	18	VIII.1886	06.VIII.2005	1886-08/2005-08-06	species	Pucciniaceae	parasite of: Achillea millefolium| parasite of: Achillea ptarmica| parasite of: Aster tripolium| parasite of: Cirsium oleraceum| parasite of: Cirsium palustre| parasite of: Achillea| parasite of: Anthemis| parasite of: Artemisia| parasite of: Aster| parasite of: Centaurea| parasite of: Chrysanthemum	present	native
Puccinia commutata P. Syd. & Syd. 	135	3	19				species	Pucciniaceae	parasite of: Valeriana repens	present	
Puccinia conglomerata (F. Strauss) Röhl. 	136	3	19	1850	2012	1850/2012	species	Pucciniaceae	parasite of: Homogyne alpina	absent	alien
Puccinia convolvuli Castagne 	137	3	20	25.VI.2000	07.IX.2009	2000-06-25/2009-09-07	species	Pucciniaceae	parasite of: Calystegia sepium| parasite of: Convolvulus arvensis	present	
Puccinia coronata Corda 	138	3	20	IX.1887	25.V.2009	1887-09/2009-05-25	species	Pucciniaceae	parasite of: Frangula alnus| parasite of: Rhamnus cathartica| parasite of: Agrostis gigantea| parasite of: Agrostis stolonifera| parasite of: Alopecurus pratensis| parasite of: Arrhenatherum elatius| parasite of: Avena sativa| parasite of: Brachypodium sylvaticum| parasite of: Calamagrostis arundinacea| parasite of: Calamagrostis canescens| parasite of: Dactylis glomerata| parasite of: Elymus repens| parasite of: Holcus mollis| parasite of: Lolium perenne| parasite of: Molinia caerulea| parasite of: Phalaris arundinacea| parasite of: Poa pratensis| parasite of: Puccinellia distans| parasite of: Festuca arundinacea| parasite of: Melica nutans	present	native
Puccinia corrigiolae Chevall. 	139	3	21				species	Pucciniaceae	parasite of: Corrigiola litoralis	present	
Puccinia crepidicola Syd. & P. Syd. 	140	3	21	25.IX.1995		1995-09-25	species	Pucciniaceae	parasite of: Crepis capillaris| parasite of: Crepis polymorpha	present	
Puccinia crepidis J. Schröt. 	141	3	21	IX.1901	01.VIII.1918	1901-09/1918-08-01	species	Pucciniaceae	parasite of: Crepis capillaris| parasite of: Crepis tectorum	present	
Puccinia cyani Pass. 	142	3	21	03.VIII.1994		1994-08-03	species	Pucciniaceae	parasite of: Centaurea cyanus	present	
Puccinia dioicae var. arenariicola (Plowr.) D.M. Hend. 	143	3	22		1939	1939	variety	Pucciniaceae	parasite of: Centaurea jacea subsp. nigra| parasite of: Carex arenaria	doubtful	
Puccinia dioicae Magnus var. dioicae 	144	3	22	05.VI.1990		1990-06-05	variety	Pucciniaceae	parasite of: Cirsium oleraceum| parasite of: Carex	present	
Puccinia dioicae var. extensicola (Plowr.) D.M. Hend. 	145	3	22	31.VII.1901		1901-07-31	variety	Pucciniaceae	parasite of: Aster tripolium| parasite of: Carex extensa	present	
Puccinia dioicae var. schoeleriana (Plowr. & Magnus) D.M. Hend. 	146	3	22	VI.1919	28.V.1933	1919-06/1933-05-28	variety	Pucciniaceae	parasite of: Senecio jacobaea| parasite of: Carex arenaria	present	
Puccinia dioicae var. silvatica (J. Schröt.) D.M. Hend. 	147	3	22		21.VII.2001	2001-07-21	variety	Pucciniaceae	parasite of: Senecio ovatus| parasite of: Taraxacum officinale| parasite of: Carex viridula| parasite of: Carex brizoides	present	
Puccinia elymi Westend. 	148	3	23	VII.1901		1901-07	species	Pucciniaceae	parasite of: Thalictrum| parasite of: Leymus arenarius| parasite of: Ammophila arenaria	present	
Puccinia epilobii DC. 	149	3	23				species	Pucciniaceae	parasite of: Epilobium hirsutum| parasite of: Epilobium montanum| parasite of: Epilobium obscurum| parasite of: Epilobium palustre	doubtful	
Puccinia eryngii DC. 	150	3	23				species	Pucciniaceae	parasite of: Eryngium campestre	present	
Puccinia festucae Plowr. 	151	3	23	21.VII.1997		1997-07-21	species	Pucciniaceae	parasite of: Lonicera| parasite of: Festuca rubra	present	
Puccinia galii-verni Ces. 	152	3	24	24.VI.1900	15.X.2005	1900-06-24/2005-10-15	species	Pucciniaceae	parasite of: Cruciata laevipes| parasite of: Galium	present	native
Puccinia gentianae (F. Strauss) Röhl. 	153	3	24	IX.1890		1890-09	species	Pucciniaceae	parasite of: Gentiana pneumonanthe| parasite of: Gentianella	present	
Puccinia glechomatis DC. 	154	3	24	11.VII.1998	03.XI.2010	1998-07-11/2010-11-03	species	Pucciniaceae	parasite of: Glechoma hederacea	present	
Puccinia glomerata Grev.	155	3	24	04.VII.1902		1902-07-04	species	Pucciniaceae	parasite of: Senecio jacobaea| parasite of: Senecio ovatus	present	
Puccinia graminis Pers.	156	3	24	VII.1901	18.IX.1967	1901-07/1967-09-18	species	Pucciniaceae	parasite of: Berberis vulgaris| parasite of: Mahonia aquifolium| parasite of: Anthoxanthum odoratum| parasite of: Dactylis glomerata| parasite of: Elymus repens| parasite of: Anthoxanthum| parasite of: Briza| parasite of: Bromus| parasite of: Deschampsia| parasite of: Hordeum| parasite of: Poa| parasite of: Secale| parasite of: Triticum	present	
Puccinia grisea (F. Strauss) G. Winter 	157	3	25				species	Pucciniaceae	parasite of: Globularia vulgaris	present	alien
Puccinia helianthi Schwein. 	158	3	25				species	Pucciniaceae	parasite of: Helianthus tuberosus	doubtful	alien
Puccinia heraclei Grev. 	159	3	25	30.XII.1994		1994-12-30	species	Pucciniaceae	parasite of: Heracleum sphondylium	present	
Puccinia hieracii H. Mart. var. hieracii 	160	3	26	18.X.1878	27.IX.2009	1878-10-18/2009-09-27	variety	Pucciniaceae	parasite of: Centaurea jacea| parasite of: Hieracium umbellatum| parasite of: Hieracium sabaudum| parasite of: Leontodon autumnalis| parasite of: Picris hieracioides| parasite of: Taraxacum| parasite of: Centaurea| parasite of: Cichorium| parasite of: Hieracium| parasite of: Leontodon| parasite of: Serratula| parasite of: Taraxacum	present	native
Puccinia hieracii var. hypochaeridis (Oudem.) Jørst. 	161	3	26	VIII.1901	14.X.1986	1901-08/1986-10-14	variety	Pucciniaceae	parasite of: Hypochaeris radicata	present	native
Puccinia holcina Erikss.	162	3	27	03.IX.1901	03.IV.2007	1901-09-03/2007-04-03	species	Pucciniaceae	parasite of: Holcus lanatus| parasite of: Holcus mollis	present	native
Puccinia hordei G.H. Otth	163	3	27	16.VII.1902		1902-07-16	species	Pucciniaceae	parasite of: Ornithogalum| parasite of: Hordeum vulgare	present	
Puccinia hordei-murini N.F. Buchw.	164	3	28	29.VI.1998	04.IX.1998	1998-06-29/1998-09-04	species	Pucciniaceae	parasite of: Hordeum murinum	present	
Puccinia hydrocotyles Cooke 	165	3	28	VIII.1890		1890-08	species	Pucciniaceae	parasite of: Hydrocotyle vulgaris	present	
Puccinia hysterium (F. Strauss) Röhl. 	166	3	28	20.IV.1943	01.V.1994	1943-04-20/1994-05-01	species	Pucciniaceae	parasite of: Tragopogon pratensis	present	
Puccinia iridis Rabenh. 	167	3	28				species	Pucciniaceae	parasite of: Urtica| parasite of: Valeriana| parasite of: Iris graminea	doubtful	
Puccinia komarovii Tranzschel 	168	3	29	08.IX.2009		2009-09-08	species	Pucciniaceae	parasite of: Impatiens parviflora	present	alien
Puccinia lactucarum Syd. & P. Syd. 	169	3	29				species	Pucciniaceae	parasite of: Lactuca perennis| parasite of: Lactuca serriola	doubtful	
Puccinia lagenophorae Cooke	170	3	29	09.IX.1995	09.IX.2010	1995-09-09/2010-09-09	species	Pucciniaceae	parasite of: Calendula officinalis| parasite of: Senecio vulgaris| parasite of: Bellis perennis	present	
Puccinia lapsanae Fuckel 	171	3	30	14.X.1857	24.III.2011	1857-10-14/2011-03-24	species	Pucciniaceae	parasite of: Lapsana communis	present	native
Puccinia libanotidis Lindr. 	172	3	30	X.1890		1890-10	species	Pucciniaceae	parasite of: Seseli libanotis	present	
Puccinia liliacearum Duby 	173	3	30	16.V.1899	12.IV.2010	1899-05-16/2010-04-12	species	Pucciniaceae	parasite of: Ornithogalum pyrenaicum| parasite of: Ornithogalum umbellatum	present	native
Puccinia longissima J. Schröt. 	174	3	31	16.IV.1897		1897-04-16	species	Pucciniaceae	parasite of: Sedum rupestre| parasite of: Sedum acre| parasite of: Koeleria	present	
Puccinia luzulae Lib. 	175	3	31	13.IX.1917		1917-09-13	species	Pucciniaceae	parasite of: Luzula campestris| parasite of: Luzula pilosa	present	
Puccinia magnusiana Körn. 	176	3	31	24.VI.1860	18.X.2008	1860-06-24/2008-10-18	species	Pucciniaceae	parasite of: Ranunculus repens| parasite of: Phragmites australis	present	native
Puccinia major (Dietel) Dietel 	177	3	31	20.V.2004		2004-05-20	species	Pucciniaceae	parasite of: Crepis biennis| parasite of: Crepis paludosa	present	
Puccinia malvacearum Bertero ex Mont. 	178	3	31	VIII.1880	21.V.2010	1880-08/2010-05-21	species	Pucciniaceae	parasite of: Alcea rosea| parasite of: Althaea| parasite of: Malva moschata| parasite of: Malva neglecta| parasite of: Malva sylvestris	present	native
Puccinia mei-mamillata Semadeni 	179	3	32	17.V.2009	26.VI.2010	2009-05-17/2010-06-26	species	Pucciniaceae	parasite of: Angelica sylvestris| parasite of: Persicaria bistorta	present	
Puccinia menthae Pers.: Pers. 	180	3	32	19.IX.1999	05.IX.2005	1999-09-19/2005-09-05	species	Pucciniaceae	parasite of: Mentha aquatica, Clinopodium vulgare| parasite of: Origanum vulgare| parasite of: Satureja hortensis| parasite of: Thymus vulgaris	present	
Puccinia moliniae Tul. 	181	3	33				species	Pucciniaceae	parasite of: Melampyrum| parasite of: Prunella| parasite of: Origanum| parasite of: Molinia caerulea	present	
Puccinia montana Fuckel 	182	3	33				species	Pucciniaceae	parasite of: Centaurea montana	doubtful	
Puccinia morthieri Körn. 	183	3	33				species	Pucciniaceae	parasite of: Geranium sylvaticum	doubtful	
Puccinia nigrescens Kirchn. 	184	3	33				species	Pucciniaceae	parasite of: Salvia verticillata	doubtful	alien
Puccinia nitida (F. Strauss) Röhl. 	185	3	34	X.1860	16.X.1997	1860-10/1997-10-16	species	Pucciniaceae	parasite of: Aethusa cynapium	present	native
Puccinia obscura J. Schröt. 	186	3	34	24.IV.1988	14.III.2010	1988-04-24/2010-03-14	species	Pucciniaceae	parasite of: Bellis perennis| parasite of: Luzula campestris	present	
Puccinia oreoselini (F. Strauss) Fuckel 	187	3	34				species	Pucciniaceae	parasite of: Peucedanum oreoselinum	doubtful	alien
Puccinia oxalidis Dietel & Ellis 	188	3	35				species	Pucciniaceae	parasite of: Oxalis debilis| parasite of: Oxalis latifolia	present	alien
Puccinia paludosa Plowr. 	189	3	35				species	Pucciniaceae	parasite of: Pedicularis palustris| parasite of: Carex nigra| parasite of: Carex riparia	present	
Puccinia passerinii J. Schröt.	190	3	35	1880	20.VI.1901	1880/1901-06-20	species	Pucciniaceae	parasite of: Thesium humifusum	present	native
Puccinia pazschkei Dietel 	191	3	35	11.VII.1895		1895-07-11	species	Pucciniaceae	parasite of: Saxifraga	present	alien
Puccinia perplexans Plowr. 	192	3	36	VI.1904	25.V.2003	1904-06/2003-05-25	species	Pucciniaceae	parasite of: Ranunculus acris| parasite of: Alopecurus pratensis	present	native
Puccinia persistens Plowr.	193	3	36	VI.1896	12.VII.2008	1896-06/2008-07-12	species	Pucciniaceae	parasite of: Aquilegia vulgaris| parasite of: Clematis vitalba| parasite of: Thalictrum flavum| parasite of: Aconitum| parasite of: Actaea| parasite of: Anemone| parasite of: Hepatica| parasite of: Elymus repens| parasite of: Elymus athericus| parasite of: Secale cereale| parasite of: Agrostis| parasite of: Bromus| parasite of: Hordelymus| parasite of: Hordeum| parasite of: Milium	present	native
Puccinia phragmitis (Schumach.) Körn. 	194	3	36	17.IX.1878	08.V.2011	1878-09-17/2011-05-08	species	Pucciniaceae	parasite of: Rumex obtusifolius| parasite of: Rheum| parasite of: Phragmites australis	present	native
Puccinia pimpinellae (F. Strauss) Röhl. 	195	3	37	V.1852	X.1899	1852-5/1899-10	species	Pucciniaceae	parasite of: Pimpinella major| parasite of: Pimpinella saxifraga	present	
Puccinia plantaginis Westend. 	196	3	38				species	Pucciniaceae	parasite of: Scorzonera humilis	present	
Puccinia poarum E.Nielsen 	197	3	38	VIII.1865	03.VII.1975	1865-08/1975-07-03	species	Pucciniaceae	parasite of: Tussilago farfara| parasite of: Poa nemoralis	present	native
Puccinia polygoni Alb. & Schwein. var. polygoni 	198	3	38	X.1882	19.IX.1997	1882-10/1997-09-19	variety	Pucciniaceae	parasite of: Geranium| parasite of: Fallopia convolvulus| parasite of: Fallopia dumetorum	present	native
Puccinia polygoni-amphibii Pers.: Pers. 	199	3	39	20.X.1855	22.IX.1995	1855-10-20/1995-09-22	species	Pucciniaceae	parasite of: Geranium| parasite of:  Persicaria amphibia| parasite of: Persicaria maculosa	present	native
Puccinia porphyrogenita M.A. Curtis 	200	3	39				species	Pucciniaceae	parasite of: Cornus canadensis	doubtful	alien
Puccinia prenanthis (Schumach.) Kunze 	201	3	39				species	Pucciniaceae	parasite of: Mycelis muralis| parasite of: Prenanthes purpurea| parasite of: Cicerbita alpina	doubtful	
Puccinia primulae Duby 	202	3	40				species	Pucciniaceae	parasite of: Primula vulgaris| parasite of: Primula veris| parasite of: Primula elatior	doubtful	
Puccinia pulverulenta Grev.	203	3	40	IX.1852	22.VI.2010	1852-09/2010-06-22	species	Pucciniaceae	parasite of: Epilobium hirsutum| parasite of: Epilobium montanum| parasite of: Epilobium palustre| parasite of: Epilobium roseum	present	native
Puccinia punctata Link 	204	3	40	25.VIII.1901	09.XI.1999	1901-08-25/1999-11-09	species	Pucciniaceae	parasite of: Cruciata laevipes| parasite of: Galium aparine| parasite of: Galium mollugo| parasite of: Galium verum	present	
Puccinia punctiformis (F. Strauss) Röhl. 	205	3	41	XI.1901	21.V.2009	1901-11/2009-05-21	species	Pucciniaceae	parasite of: Cirsium arvense	present	native
Puccinia pygmaea Erikss. 	206	3	41	24.IX.1997		1997-09-24	species	Pucciniaceae	parasite of: Berberis| parasite of: Mahonia| parasite of: Calamagrostis epigejos| parasite of: Agrostis| parasite of: Ammophila| parasite of: Calamagrostis| parasite of: Festuca	present	
Puccinia recondita Rob. ex Desm. ss. str. 	207	3	42	21.VII.1902	VIII.1955	1902-07-21/1955-08	species	Pucciniaceae	parasite of: Anchusa| parasite of: Secale cereale	present	
Puccinia ribis DC. 	208	3	42				species	Pucciniaceae	parasite of: Ribes spicatum	doubtful	
Puccinia rumicis Bellynck	209	3	42	VII.1889		1889-07	species	Pucciniaceae	parasite of: Rumex scutatus	present	
Puccinia saniculae Grev. 	210	3	42				species	Pucciniaceae	parasite of: Sanicula europaea	present	
Puccinia saxifragae Schltdl. 	211	3	42				species	Pucciniaceae	parasite of: Saxifraga	doubtful	
Puccinia schroeteri Pass. 	212	3	43	VII.1887		1887-07	species	Pucciniaceae	parasite of: Narcissus pseudonarcissus	present	
Puccinia scirpi DC. 	213	3	43	19.II.1899		1899-02-19	species	Pucciniaceae	parasite of: Nymphoides peltata| parasite of: Schoenoplectus lacustris	present	
Puccinia senecionis Lib.	214	3	43				species	Pucciniaceae	parasite of: Senecio ovatus	present	
Puccinia sessilis Schneid ex J. Schröt. 	215	3	43	01.VI.1891	15.V.2010	1891-06-01/2010-05-15	species	Pucciniaceae	parasite of: Allium ursinum| parasite of: Arum maculatum| parasite of: Convallaria majalis| parasite of: Listera ovata| parasite of: Paris quadrifolia| parasite of: Maianthemum bifolium| parasite of: Orchis militaris| parasite of: Polygonatum| parasite of: Phalaris arundinacea	present	native
Puccinia sii-falcariae J. Schröt. 	216	3	44				species	Pucciniaceae	parasite of: Falcaria vulgaris	doubtful	
Puccinia smyrnii Biv. 	217	3	44				species	Pucciniaceae	parasite of: Smyrnium olusatrum	doubtful	alien
Puccinia soldanellae Fuckel 	218	3	45				species	Pucciniaceae	parasite of: Soldanella	doubtful	alien
Puccinia sorghi Schwein. 	219	3	45	06.X.1997		1997-10-06	species	Pucciniaceae	parasite of: Oxalis	present	alien
Puccinia striiformis Westend. 	220	3	45	29.V.1916		1916-05-29	species	Pucciniaceae	parasite of: Agrostis canina| parasite of: Brachypodium sylvaticum| parasite of: Bromus hordeaceus| parasite of: Elymus caninus| parasite of: Elymus repens| parasite of: Hordeum murinum| parasite of: Hordeum vulgare| parasite of: Secale cereale| parasite of: Triticum sp.	present	
Puccinia subnitens Dietel 	221	3	45				species	Pucciniaceae	parasite of: Chenopodium album| parasite of: Chenopodium glaucum| parasite of: Distichlis	doubtful	alien
Puccinia tanaceti DC.	222	3	46	02.XI.1857	28.IX.2009	1857-11-02/2009-09-28	species	Pucciniaceae	parasite of: Artemisia absinthium| parasite of: Artemisia vulgaris| parasite of:  Tanacetum vulgare| parasite of: Chrysanthemum	present	
Puccinia thesii Chaillet 	223	3	46				species	Pucciniaceae	parasite of: Thesium linophyllon	doubtful	
Puccinia triticina Erikss. 	224	3	46	22.VII.1902	29.VII.1996	1902-07-22/1996-07-29	species	Pucciniaceae	parasite of: Thalictrum| parasite of: Triticum aestivum	present	native
Puccinia uliginosa Juel 	225	3	47	VI.1901		1901-06	species	Pucciniaceae	parasite of: Parnassia palustris| parasite of: Carex nigra	present	
Puccinia umbilici Guépin 	226	3	47				species	Pucciniaceae	parasite of: Umbilicus pendulinus| parasite of: Umbilicus rupestris| parasite of: Rhodiola rosea	doubtful	alien
Puccinia urticata F. Kern 	227	3	47	IV.1878	15.V.2010	1878-04/2010-05-15	species	Pucciniaceae	parasite of: Urtica dioica| parasite of: Urtica urens| parasite of: Carex	present	native
Puccinia urticata var. urticae-acutae (Kleb.) Zwetko 	228	3	48	19.IX.1999		1999-09-19	variety	Pucciniaceae	parasite of: Urtica dioica| parasite of: Urtica urens| parasite of: Carex acuta| parasite of: Carex nigra| parasite of: Carex elata	present	
Puccinia urticata var. urticae-acutiformis (Kleb.) Zwetko 	229	3	48	19.III.1988		1988-03-19	variety	Pucciniaceae	parasite of: Urtica dioica| parasite of: Urtica urens| parasite of: Carex acutiformis	present	
Puccinia urticata var. urticae-hirtae (Kleb.) Zwetko 	230	3	48	II.1898		1898-02	variety	Pucciniaceae	parasite of: Urtica dioica| parasite of: Urtica urens| parasite of: Carex hirta	present	
Puccinia urticata var. urticae-ripariae (Hasler) Zwetko 	231	3	49	24.III.1997		1997-03-24	variety	Pucciniaceae	parasite of: Urtica dioica| parasite of: Urtica urens| parasite of: Carex riparia	present	
Puccinia variabilis Grev. 	232	3	49	VIII.1880	09.XI.1999	1880-08/1999-11-09	species	Pucciniaceae	parasite of: Taraxacum officinale	present	native
Puccinia veronicae (Schumach.) G. Winter	233	3	49	VII.1883	26.VI.1943	1883-07/1943-06-26	species	Pucciniaceae	parasite of: Veronica montana	present	native
Puccinia veronicarum DC. 	234	3	50	VII.1886		1886-07	species	Pucciniaceae	parasite of: Veronica officinalis| parasite of: Veronica longifolia| parasite of: Veronica spicata| parasite of: Veronica urticifolia	present	
Puccinia vincae Berk. 	235	3	50	25.VII.1955	12.VI.2001	1955-07-25/2001-06-12	species	Pucciniaceae	parasite of: Vinca major| parasite of: Vinca sp.	present	
Puccinia violae DC. 	236	3	50	17.IX.1994		1994-09-17	species	Pucciniaceae	parasite of: Viola riviniana	present	
Puccinia virgae-aureae (DC.) Lib. 	237	3	50				species	Pucciniaceae	parasite of: Solidago virgaurea	present	
